﻿Order ID,Customer,City,State
NJ-2016-273214,Raymond Young,Troy,New York
NJ-2016-271456,Helen Dean,Westfield,New Jersey
WA-2015-451988,Shirley Chavez,Seattle,Washington
NJ-2014-352961,Brian Ryan,Westfield,New Jersey
NJ-2017-213231,Benjamin Willis,Westfield,New Jersey
WA-2016-362144,Annie Jenkins,Seattle,Washington
NJ-2015-349463,Christina Little,Troy,New York
WA-2014-416760,Annie Jenkins,Seattle,Washington
NJ-2014-162733,Ruby Matthews,Troy,New York
NJ-2014-315445,Christopher Oliver,Troy,New York
MA-2016-303196,Kathryn Fox,Lowell,Massachusetts
OR-2017-470881,Christopher Oliver,Portland,Oregon
MA-2015-211381,Walter Kennedy,Lowell,Massachusetts
WA-2016-428765,Pamela Alexander,Seattle,Washington
NJ-2015-210899,Gloria Harper,Troy,New York
NJ-2017-323710,Harold Hunter,Troy,New York
WA-2016-117590,Judy Sanchez,Seattle,Washington
WA-2015-117415,Harold Hunter,Seattle,Washington
MA-2017-120999,Lori Shaw,Lowell,Massachusetts
NJ-2016-101343,Sandra Hicks,Troy,New York
MA-2017-139619,Roger Gomez,Lowell,Massachusetts
NJ-2016-118255,Kimberly Coleman,Westfield,New Jersey
NJ-2014-431441,Heather Andrews,Troy,New York
OR-2016-169194,Rachel Harris,Portland,Oregon
WA-2015-46460,Susan Jacobs,Seattle,Washington
MA-2016-105816,Gary Young,Lowell,Massachusetts
NJ-2016-72557,Anthony Berry,Troy,New York
CA-2015-135545,Joan Robinson,Los Angeles,California
NJ-2015-413392,Frank Ramos,Troy,New York
OR-2014-106376,Raymond Matthews,Portland,Oregon
CA-2016-119823,Mary Rose,Los Angeles,California
WA-2016-106075,Raymond Matthews,Seattle,Washington
NJ-2017-114440,Randy Willis,Westfield,New Jersey
WA-2015-387986,Denise Henry,Seattle,Washington
NJ-2017-178352,Albert Miller,Troy,New York
CA-2014-292503,Evelyn Elliott,Los Angeles,California
MA-2016-210760,Mary Nelson,Lowell,Massachusetts
NJ-2014-99493,Mary Nelson,Troy,New York
NJ-2015-144113,Victor Bell,Westfield,New Jersey
MA-2017-294932,Walter Kennedy,Lowell,Massachusetts
NJ-2017-140088,Anthony Berry,Troy,New York
MA-2017-477462,William Payne,Lowell,Massachusetts
WA-2016-451489,Joseph Dixon,Seattle,Washington
CA-2016-408548,Andrew Adams,Los Angeles,California
CT-2015-415260,Cheryl Henderson,Fairfield,Connecticut
CT-2017-482085,Carlos Stephens,Fairfield,Connecticut
WA-2017-161018,Daniel Perez,Seattle,Washington
MA-2017-311482,Carl Howard,Lowell,Massachusetts
MA-2016-256853,Alice Davis,Lowell,Massachusetts
OR-2016-397858,Michael Cruz,Portland,Oregon
NJ-2016-129903,Anthony Berry,Troy,New York
NJ-2015-369639,Betty Stewart,Troy,New York
CA-2017-405129,Jacqueline Little,Los Angeles,California
OR-2015-129476,Jacqueline Little,Portland,Oregon
NJ-2017-264411,Jacqueline Little,Troy,New York
CT-2016-180985,Jacqueline Little,Fairfield,Connecticut
CT-2014-58381,Jacqueline Little,Fairfield,Connecticut
MA-2015-110457,Jacqueline Little,Lowell,Massachusetts
OR-2015-371175,Jacqueline Little,Portland,Oregon
OR-2016-138313,Linda Wagner,Portland,Oregon
NJ-2014-77855,Christina Oliver,Troy,New York
NJ-2014-464665,Joseph Ryan,Troy,New York
OR-2017-107272,Henry Stanley,Portland,Oregon
CA-2016-257561,Diana Hamilton,Los Angeles,California
MA-2017-148605,Kevin Torres,Lowell,Massachusetts
MA-2016-476027,Jean Torres,Lowell,Massachusetts
NJ-2016-110366,Billy Reed,Troy,New York
NJ-2017-90114,Dorothy Baker,Westfield,New Jersey
MA-2017-483948,Brandon King,Lowell,Massachusetts
NJ-2015-285805,Ralph Gomez,Troy,New York
NJ-2014-110072,Stephen Welch,Westfield,New Jersey
CA-2016-362196,Stephen Welch,Los Angeles,California
NJ-2016-427664,Stephen Welch,Troy,New York
NJ-2015-250584,Stephen Welch,Westfield,New Jersey
MA-2015-118948,Stephen Welch,Lowell,Massachusetts
OR-2014-408977,Stephen Welch,Portland,Oregon
NJ-2016-114104,Stephen Welch,Troy,New York
CA-2016-162733,Stephen Welch,Los Angeles,California
MA-2015-293280,Stephen Welch,Lowell,Massachusetts
MA-2016-154508,Stephen Welch,Lowell,Massachusetts
MA-2016-113817,Stephen Welch,Lowell,Massachusetts
MA-2014-139892,Stephen Welch,Lowell,Massachusetts
MA-2014-113717,Stephen Welch,Lowell,Massachusetts
MA-2014-346543,Stephen Welch,Lowell,Massachusetts
NJ-2017-495252,Stephen Welch,Troy,New York
MA-2015-101511,Stephen Welch,Lowell,Massachusetts
CA-2015-311979,Gerald Mcdonald,Los Angeles,California
WA-2014-125977,Ruth Kennedy,Seattle,Washington
OR-2014-488000,Anna Garcia,Portland,Oregon
OR-2016-410845,Gloria Mcdonald,Portland,Oregon
CA-2014-91229,Adam Martin,Los Angeles,California
WA-2016-157000,Philip Rodriguez,Seattle,Washington
MA-2015-219956,Steven Kelly,Lowell,Massachusetts
NJ-2015-268520,Ruth Burton,Westfield,New Jersey
CA-2014-146214,Rachel Stanley,Los Angeles,California
CA-2017-362325,Brenda Nelson,Los Angeles,California
OR-2017-255463,Edward Taylor,Portland,Oregon
WA-2017-105074,Philip Dean,Seattle,Washington
MA-2014-106713,Jerry Butler,Lowell,Massachusetts
CA-2017-268251,Laura Gutierrez,Los Angeles,California
MA-2017-114817,Andrew Howard,Lowell,Massachusetts
NJ-2017-108329,Joe Ryan,Troy,New York
MA-2017-350271,Steven Miller,Lowell,Massachusetts
NJ-2015-229477,Christina Little,Troy,New York
NV-2015-85969,Doris Diaz,Las Vegas,Nevada
MA-2016-266667,Charles Ray,Lowell,Massachusetts
WA-2015-392034,Margaret James,Seattle,Washington
NJ-2015-48742,Virginia Alvarez,Troy,New York
CA-2015-145436,Frank Garrett,Los Angeles,California
NJ-2014-37894,Laura Wells,Westfield,New Jersey
OR-2017-232332,Edward Taylor,Portland,Oregon
CT-2017-34044,Sara Hawkins,Fairfield,Connecticut
OR-2016-105493,Cynthia Matthews,Portland,Oregon
OR-2014-225768,Kelly Gomez,Portland,Oregon
MA-2016-409168,Raymond Young,Lowell,Massachusetts
OR-2016-145625,Billy Scott,Portland,Oregon
WA-2016-97874,Arthur James,Seattle,Washington
NJ-2015-117167,Ronald Kim,Troy,New York
NJ-2017-138465,Harold Daniels,Troy,New York
CA-2017-186151,Adam Martin,Los Angeles,California
MA-2014-311657,Phillip Young,Lowell,Massachusetts
CT-2016-146076,Lois Baker,Fairfield,Connecticut
CA-2015-110096,Nicholas Schmidt,Los Angeles,California
NJ-2017-395322,Martha Mills,Westfield,New Jersey
NJ-2016-417740,Cynthia Lewis,Westfield,New Jersey
NV-2017-374971,John Simpson,Las Vegas,Nevada
CA-2017-96329,Frances Parker,Los Angeles,California
NJ-2015-325332,Kenneth Lane,Troy,New York
OR-2017-324880,Gloria Fisher,Portland,Oregon
NJ-2017-299132,Mark Alexander,Troy,New York
NJ-2015-118891,Evelyn Greene,Troy,New York
WA-2015-397464,Craig Thomas,Seattle,Washington
NJ-2015-112778,Nancy Scott,Troy,New York
NJ-2016-305186,Johnny Fowler,Westfield,New Jersey
MA-2016-391295,Cheryl Williamson,Lowell,Massachusetts
WA-2014-381015,Joseph Willis,Seattle,Washington
CA-2016-453774,Beverly Jacobs,Los Angeles,California
NJ-2017-46715,Benjamin Willis,Westfield,New Jersey
NV-2015-334292,Donna Williams,Las Vegas,Nevada
WA-2014-428301,Ernest Hernandez,Seattle,Washington
NJ-2014-393419,Benjamin Spencer,Westfield,New Jersey
NJ-2017-379057,Kimberly Adams,Troy,New York
NJ-2016-453778,Ernest Bishop,Westfield,New Jersey
OR-2014-270380,Kevin Garza,Portland,Oregon
WA-2014-270257,Jason Berry,Seattle,Washington
MA-2014-100181,Martha Brown,Lowell,Massachusetts
NJ-2014-344582,Russell Day,Westfield,New Jersey
NJ-2014-260429,Sean Weaver,Westfield,New Jersey
MA-2016-321225,Deborah Wells,Lowell,Massachusetts
NJ-2017-268085,Sandra Hicks,Troy,New York
NJ-2016-167380,Gloria Harper,Troy,New York
CA-2016-419109,Beverly Jacobs,Los Angeles,California
CT-2015-306676,Sandra Meyer,Fairfield,Connecticut
OR-2014-408409,Sharon Rice,Portland,Oregon
MA-2015-70184,Harold Schmidt,Lowell,Massachusetts
OR-2014-78012,Sharon Wagner,Portland,Oregon
MA-2015-13543,Carl Howard,Lowell,Massachusetts
MA-2017-433890,Matthew Carter,Lowell,Massachusetts
NJ-2017-68908,Lillian Wood,Troy,New York
OR-2016-132764,Terry Pierce,Portland,Oregon
MA-2016-467786,Kenneth Nelson,Lowell,Massachusetts
CA-2016-293144,Jacqueline Little,Los Angeles,California
NJ-2017-258899,David Allen,Westfield,New Jersey
MA-2017-230464,Wanda Cole,Lowell,Massachusetts
NJ-2014-384239,Anthony Berry,Troy,New York
CT-2016-440555,Anna Franklin,Fairfield,Connecticut
WA-2017-334581,Gary Weaver,Seattle,Washington
NJ-2014-83375,David Allen,Westfield,New Jersey
NJ-2016-398149,Juan Wallace,Troy,New York
CA-2017-212287,Kelly Wagner,Los Angeles,California
MA-2015-147527,Alice Davis,Lowell,Massachusetts
NJ-2016-408045,Craig Mcdonald,Troy,New York
WA-2015-26962,Gary Cook,Seattle,Washington
WA-2015-168935,Mildred Moore,Seattle,Washington
NJ-2015-465410,Wayne Rivera,Troy,New York
NJ-2014-151299,Maria Johnston,Troy,New York
MA-2017-446557,Louise Rivera,Lowell,Massachusetts
MA-2014-366701,Heather Lawrence,Lowell,Massachusetts
NJ-2014-475818,Jessica Lewis,Troy,New York
NJ-2017-472048,Lois Castillo,Troy,New York
MA-2017-77056,Thomas Robinson,Lowell,Massachusetts
CA-2015-164298,Diana Hamilton,Los Angeles,California
CA-2016-1755,Tina Schmidt,Los Angeles,California
CA-2014-23684,Martha Bell,Los Angeles,California
CA-2014-231309,Rachel Stanley,Los Angeles,California
NJ-2017-21772,Marilyn Patterson,Westfield,New Jersey
NJ-2017-379130,Joshua Washington,Westfield,New Jersey
NJ-2017-374377,Christopher Oliver,Troy,New York
NJ-2017-83011,Maria Hughes,Westfield,New Jersey
WA-2016-472457,Marilyn Carpenter,Seattle,Washington
MA-2017-352922,Theresa Ellis,Lowell,Massachusetts
MA-2017-410920,Linda Morrison,Lowell,Massachusetts
MA-2014-494325,Linda Morrison,Lowell,Massachusetts
NJ-2017-20218,Anthony Berry,Troy,New York
CT-2017-257852,Annie Collins,Fairfield,Connecticut
NJ-2017-135755,Brenda Cruz,Troy,New York
WA-2014-234646,Arthur Green,Seattle,Washington
CA-2017-407788,Walter Reed,Los Angeles,California
NJ-2016-203391,Evelyn Greene,Troy,New York
NJ-2016-127369,Bonnie Wagner,Troy,New York
NJ-2014-226442,Joan Harvey,Troy,New York
NJ-2016-342667,Joshua Washington,Westfield,New Jersey
MA-2017-100121,Phillip Young,Lowell,Massachusetts
NJ-2017-7334,Jeffrey Miller,Troy,New York
CA-2016-95865,Robin Murphy,Los Angeles,California
OR-2017-291810,Brian Bryant,Portland,Oregon
NJ-2016-107643,Billy Reed,Troy,New York
CA-2017-8709,Kathy Porter,Los Angeles,California
MA-2016-447356,Jean Torres,Lowell,Massachusetts
NJ-2014-463030,Jimmy Bailey,Troy,New York
OR-2016-390867,Jean Griffin,Portland,Oregon
NJ-2015-443728,Sean Weaver,Westfield,New Jersey
CA-2016-407630,Frances Parker,Los Angeles,California
MA-2015-320409,Michael Foster,Lowell,Massachusetts
MA-2017-130393,Cheryl Myers,Lowell,Massachusetts
MA-2016-222636,Jerry Palmer,Lowell,Massachusetts
NJ-2015-194995,Cynthia Mccoy,Westfield,New Jersey
WA-2014-360973,Charles Collins,Seattle,Washington
NJ-2016-261616,Juan Reed,Troy,New York
WA-2016-48791,Gary Cook,Seattle,Washington
MA-2016-218759,Carolyn Scott,Lowell,Massachusetts
MA-2014-148770,Martha Brown,Lowell,Massachusetts
NJ-2014-444765,Adam Russell,Westfield,New Jersey
NJ-2017-422655,Debra Allen,Troy,New York
WA-2014-151031,Lisa Morrison,Seattle,Washington
WA-2014-133753,Gary Weaver,Seattle,Washington
NJ-2014-407388,Ashley Spencer,Troy,New York
WA-2016-219360,Jerry Davis,Seattle,Washington
MA-2016-129051,Alice Kelly,Lowell,Massachusetts
MA-2015-187611,Rose Baker,Lowell,Massachusetts
MA-2016-439178,Kevin Torres,Lowell,Massachusetts
NJ-2016-401789,Joshua Campbell,Troy,New York
NJ-2017-420390,Joshua Campbell,Troy,New York
MA-2015-259236,Harold Schmidt,Lowell,Massachusetts
WA-2017-471337,Jeremy Baker,Seattle,Washington
NJ-2016-126805,Kimberly Little,Troy,New York
NJ-2017-316356,Shirley Murray,Troy,New York
NJ-2017-478809,Nancy Stephens,Troy,New York
NJ-2015-99652,Joe Ryan,Troy,New York
MA-2017-83892,Wanda Cole,Lowell,Massachusetts
NJ-2016-305942,Antonio Mason,Troy,New York
NJ-2015-234590,Joan Thompson,Troy,New York
NJ-2017-441522,Kimberly Adams,Troy,New York
MA-2015-336081,Linda Morrison,Lowell,Massachusetts
MA-2015-174529,Virginia Foster,Lowell,Massachusetts
MA-2017-30203,Janice Mason,Lowell,Massachusetts
WA-2016-164625,Russell Cooper,Seattle,Washington
MA-2016-83505,Roger Gomez,Lowell,Massachusetts
NJ-2017-135610,Jacqueline Wheeler,Westfield,New Jersey
CA-2015-116334,Gerald Mcdonald,Los Angeles,California
CA-2015-47932,Angela Fowler,Los Angeles,California
NJ-2014-140795,Martha Mills,Westfield,New Jersey
NJ-2016-266265,Adam Russell,Westfield,New Jersey
NJ-2015-274348,Judith Gray,Westfield,New Jersey
NJ-2014-449575,Anthony Ruiz,Westfield,New Jersey
NJ-2017-104846,Frances Campbell,Troy,New York
WA-2015-337982,Craig Thomas,Seattle,Washington
NJ-2016-385855,Joe Ryan,Troy,New York
NJ-2017-486749,Chris George,Westfield,New Jersey
NJ-2017-210073,Craig Mcdonald,Troy,New York
MA-2017-148882,Alice Davis,Lowell,Massachusetts
CA-2014-20483,Michelle Sanchez,Los Angeles,California
NJ-2016-287264,Kenneth Lane,Troy,New York
MA-2017-209261,Carolyn Scott,Lowell,Massachusetts
WA-2014-220009,Jason Jackson,Seattle,Washington
WA-2015-365997,Beverly Garcia,Seattle,Washington
CT-2017-41251,Alan Dean,Fairfield,Connecticut
CT-2017-194524,Cheryl Henderson,Fairfield,Connecticut
NJ-2017-81556,Randy Willis,Westfield,New Jersey
NV-2016-209577,Doris Diaz,Las Vegas,Nevada
NJ-2015-289186,Wayne Rivera,Troy,New York
MA-2017-12167,Kathryn Fox,Lowell,Massachusetts
NJ-2015-444058,Russell Day,Westfield,New Jersey
NJ-2017-218704,Joshua Washington,Westfield,New Jersey
NJ-2015-285020,Kimberly Morris,Troy,New York
WA-2016-25867,Philip Dean,Seattle,Washington
CA-2014-18275,Joan Robinson,Los Angeles,California
NJ-2014-131450,Janet Freeman,Troy,New York
NJ-2016-443237,Nancy Stephens,Troy,New York
CA-2016-336201,Nicholas Nguyen,Los Angeles,California
CA-2014-186514,Angela Fowler,Los Angeles,California
NJ-2014-330436,David Allen,Westfield,New Jersey
NJ-2016-221337,Anthony Ruiz,Westfield,New Jersey
MA-2016-118582,Christopher Pierce,Lowell,Massachusetts
NJ-2017-132795,Kimberly Morris,Troy,New York
NJ-2017-112217,Raymond Collins,Troy,New York
WA-2014-315043,Samuel Daniels,Seattle,Washington
NJ-2015-158422,Brenda Cruz,Troy,New York
OR-2017-389784,Sharon Rice,Portland,Oregon
OR-2017-217092,Janet Stewart,Portland,Oregon
CA-2017-67708,Howard Nelson,Los Angeles,California
NJ-2016-401966,Raymond Collins,Troy,New York
WA-2017-191324,George Hill,Seattle,Washington
NJ-2015-108471,Linda Rose,Troy,New York
MA-2016-264389,Nancy Meyer,Lowell,Massachusetts
OR-2016-454323,Joyce Garcia,Portland,Oregon
NJ-2016-16552,Albert Miller,Troy,New York
NJ-2017-303840,Lori Collins,Troy,New York
WA-2017-103952,Mildred Hernandez,Seattle,Washington
WA-2017-110421,Gary Weaver,Seattle,Washington
OR-2017-497410,Gary Moreno,Portland,Oregon
CT-2016-195774,Lois Baker,Fairfield,Connecticut
NJ-2016-122122,Cynthia Ray,Troy,New York
WA-2016-132661,Jason Jackson,Seattle,Washington
NJ-2017-276442,Judith Woods,Troy,New York
MA-2016-455323,Randy West,Lowell,Massachusetts
MA-2016-105137,Carolyn Vasquez,Lowell,Massachusetts
NJ-2015-450421,Linda Rose,Troy,New York
CA-2016-19111,Rebecca Ryan,Los Angeles,California
WA-2016-89538,Mildred Hernandez,Seattle,Washington
OR-2017-340100,Joyce Garcia,Portland,Oregon
MA-2014-1350,Sandra Weaver,Lowell,Massachusetts
CA-2017-295150,Nicholas Schmidt,Los Angeles,California
NJ-2017-170870,Todd Holmes,Troy,New York
WA-2017-200670,Cheryl Morris,Seattle,Washington
WA-2017-287848,Joseph Willis,Seattle,Washington
MA-2016-229720,Andrea King,Lowell,Massachusetts
NJ-2017-151993,Christina Little,Troy,New York
NJ-2014-432912,Lisa Thomas,Westfield,New Jersey
MA-2017-441905,Matthew Smith,Lowell,Massachusetts
MA-2014-130154,Jacqueline Hart,Lowell,Massachusetts
OR-2015-5833,Martha Harper,Portland,Oregon
NJ-2015-60938,Judith Gray,Westfield,New Jersey
NJ-2017-61573,Arthur Simmons,Westfield,New Jersey
NJ-2016-479748,James Wheeler,Westfield,New Jersey
NJ-2015-349613,Frances Campbell,Troy,New York
NJ-2014-474964,Maria Hughes,Westfield,New Jersey
NJ-2014-137358,Harold Daniels,Troy,New York
OR-2014-189483,Marilyn Graham,Portland,Oregon
OR-2017-146136,Rose Matthews,Portland,Oregon
WA-2017-393798,Jason Berry,Seattle,Washington
MA-2014-294660,Christopher Pierce,Lowell,Massachusetts
NJ-2014-181859,Joseph Ryan,Troy,New York
NJ-2017-10759,Cheryl Howard,Westfield,New Jersey
CA-2014-177245,Jimmy Warren,Los Angeles,California
NJ-2016-478643,Donna Bryant,Westfield,New Jersey
WA-2016-448958,Beverly Garcia,Seattle,Washington
NJ-2014-323745,Peter Brown,Westfield,New Jersey
NJ-2016-274248,Eric Ellis,Westfield,New Jersey
NJ-2017-27064,Kenneth Lane,Troy,New York
CT-2016-161636,Cheryl Henderson,Fairfield,Connecticut
OR-2017-418920,Roger Bell,Portland,Oregon
CA-2014-232145,Joshua Baker,Los Angeles,California
MA-2014-336923,Carl Howard,Lowell,Massachusetts
OR-2016-209168,Teresa Fisher,Portland,Oregon
NJ-2014-121193,Brian Ryan,Westfield,New Jersey
MA-2016-77484,Louise Green,Lowell,Massachusetts
WA-2017-12090,Craig Hicks,Seattle,Washington
NJ-2016-248860,Kimberly Coleman,Westfield,New Jersey
NJ-2015-290575,Cheryl Riley,Troy,New York
MA-2016-353610,Harold Rodriguez,Lowell,Massachusetts
NJ-2014-44831,Phyllis Johnston,Troy,New York
NJ-2017-38132,Ralph Gomez,Troy,New York
NJ-2017-294276,Nancy Scott,Troy,New York
CA-2015-283601,Frances Parker,Los Angeles,California
MA-2017-126046,Andrea King,Lowell,Massachusetts
NJ-2015-398839,Anthony Ruiz,Westfield,New Jersey
NJ-2014-291889,Kelly Daniels,Westfield,New Jersey
NJ-2014-278695,Benjamin Spencer,Westfield,New Jersey
MA-2016-470626,Eric Robertson,Lowell,Massachusetts
CA-2017-211133,Norma West,Los Angeles,California
OR-2014-62005,Joyce Garcia,Portland,Oregon
MA-2015-64158,Sean Carr,Lowell,Massachusetts
NJ-2015-188117,Ashley Adams,Westfield,New Jersey
CT-2015-12942,Ryan Arnold,Fairfield,Connecticut
NJ-2017-15241,Cynthia Ray,Troy,New York
NV-2015-227350,Kimberly Bennett,Las Vegas,Nevada
WA-2015-367938,Gary Cook,Seattle,Washington
MA-2016-242666,Wanda Cole,Lowell,Massachusetts
NJ-2014-401156,Emily Duncan,Westfield,New Jersey
MA-2017-333584,Thomas Robinson,Lowell,Massachusetts
NJ-2015-459461,Cynthia Brooks,Troy,New York
MA-2015-147748,Virginia Foster,Lowell,Massachusetts
NJ-2017-307295,Robert Collins,Westfield,New Jersey
NJ-2016-187854,Ashley Spencer,Troy,New York
CA-2016-407458,Tammy Clark,Los Angeles,California
NJ-2017-369998,Emily Patterson,Troy,New York
NJ-2014-361260,Wayne Rivera,Troy,New York
NJ-2015-324117,Cynthia Lewis,Westfield,New Jersey
MA-2014-233754,Alice Kelly,Lowell,Massachusetts
WA-2017-168888,Susan Gomez,Seattle,Washington
CA-2015-106565,Jacqueline Little,Los Angeles,California
NJ-2016-273246,Peter Gilbert,Troy,New York
MA-2014-399886,Joshua Diaz,Lowell,Massachusetts
WA-2017-46417,Gary Cook,Seattle,Washington
NJ-2014-238630,Christina Oliver,Troy,New York
NJ-2017-233918,Kelly Daniels,Westfield,New Jersey
NJ-2017-325465,Carlos Greene,Troy,New York
WA-2016-51858,Gary Cook,Seattle,Washington
WA-2014-308734,Mildred Moore,Seattle,Washington
NJ-2017-490320,Frank Spencer,Westfield,New Jersey
WA-2016-478546,Stephen Martinez,Seattle,Washington
OR-2015-300404,Rachel Harris,Portland,Oregon
NJ-2016-367263,Albert Dunn,Westfield,New Jersey
NJ-2015-405183,Raymond Collins,Troy,New York
NJ-2017-202596,Janet Freeman,Troy,New York
NJ-2014-62189,Kimberly Little,Troy,New York
OR-2016-82203,Rose Moreno,Portland,Oregon
MA-2016-381830,Steven Miller,Lowell,Massachusetts
OR-2016-232874,Kelly Gomez,Portland,Oregon
OR-2014-360683,Janet Stewart,Portland,Oregon
CA-2017-407571,Anthony White,Los Angeles,California
NJ-2014-258029,Joshua Campbell,Troy,New York
MA-2016-186086,Eric Robertson,Lowell,Massachusetts
OR-2014-286689,Kenneth West,Portland,Oregon
MA-2016-187981,Jacqueline Hart,Lowell,Massachusetts
WA-2014-85440,Jerry Collins,Seattle,Washington
CT-2016-158099,Irene Franklin,Fairfield,Connecticut
WA-2015-402077,Craig Thomas,Seattle,Washington
NJ-2014-44333,Laura Wells,Westfield,New Jersey
MA-2017-116145,Dennis Reed,Lowell,Massachusetts
NJ-2016-41750,Richard Walker,Troy,New York
NJ-2014-309625,Jessica Lewis,Troy,New York
NJ-2017-175848,Chris George,Westfield,New Jersey
NJ-2015-224534,Mark Rogers,Troy,New York
MA-2017-383069,Robin Matthews,Lowell,Massachusetts
MA-2016-487826,Frank Murphy,Lowell,Massachusetts
OR-2014-288064,Lillian Howard,Portland,Oregon
MA-2015-331981,Ernest Kelley,Lowell,Massachusetts
MA-2017-355867,Roy Franklin,Lowell,Massachusetts
NJ-2017-492327,Anthony Ruiz,Westfield,New Jersey
WA-2014-471410,Christine Wallace,Seattle,Washington
MA-2017-124902,Jennifer White,Lowell,Massachusetts
NJ-2017-461750,Albert Miller,Troy,New York
CA-2016-145536,Andrea Lawrence,Los Angeles,California
NJ-2016-293252,Russell Day,Westfield,New Jersey
OR-2014-384356,Edward Taylor,Portland,Oregon
OR-2017-43936,Kathy Lee,Portland,Oregon
WA-2016-290492,Joseph Willis,Seattle,Washington
CA-2017-469991,Robin Murphy,Los Angeles,California
NJ-2017-177227,Maria Hughes,Westfield,New Jersey
NJ-2016-240234,Linda Rose,Troy,New York
CT-2017-66733,Maria Long,Fairfield,Connecticut
OR-2017-137596,Phillip Harrison,Portland,Oregon
NJ-2015-118828,Roy Young,Troy,New York
OR-2017-423176,Wanda Allen,Portland,Oregon
WA-2014-2351,Shirley Chavez,Seattle,Washington
WA-2016-252362,Margaret James,Seattle,Washington
CT-2014-137274,Debra Gutierrez,Fairfield,Connecticut
MA-2015-212326,Wanda Cole,Lowell,Massachusetts
CT-2016-467671,Alan Dean,Fairfield,Connecticut
MA-2014-160876,Harold Schmidt,Lowell,Massachusetts
OR-2015-482287,Kathy Lee,Portland,Oregon
CA-2017-309536,Ann Hall,Los Angeles,California
NJ-2017-85859,Debra Barnes,Westfield,New Jersey
MA-2016-375458,Andrew Howard,Lowell,Massachusetts
NJ-2017-182629,Marie Rivera,Troy,New York
NJ-2015-284089,Randy Willis,Westfield,New Jersey
NJ-2016-447258,Teresa Thomas,Troy,New York
MA-2016-298326,Justin Dixon,Lowell,Massachusetts
MA-2015-266695,Jean Torres,Lowell,Massachusetts
WA-2015-203802,Gloria Morris,Seattle,Washington
CT-2017-318702,Henry Cox,Fairfield,Connecticut
NJ-2017-81469,Shirley Murray,Troy,New York
WA-2017-298723,Earl White,Seattle,Washington
NJ-2017-269798,Ernest Bishop,Westfield,New Jersey
NJ-2017-50188,Rachel Larson,Westfield,New Jersey
OR-2015-45700,Brian Roberts,Portland,Oregon
NJ-2017-498923,Lillian Wood,Troy,New York
CT-2015-160059,Janice Ford,Fairfield,Connecticut
NJ-2016-400530,Jessica Lewis,Troy,New York
MA-2014-330183,Walter Kennedy,Lowell,Massachusetts
OR-2017-411372,Rose Matthews,Portland,Oregon
WA-2014-164445,Beverly Garcia,Seattle,Washington
OR-2017-371278,Phillip Harrison,Portland,Oregon
NJ-2017-476192,Phyllis Johnston,Troy,New York
NJ-2017-168236,Debra Barnes,Westfield,New Jersey
NJ-2016-236078,Jimmy Bailey,Troy,New York
WA-2015-190041,Mildred Hernandez,Seattle,Washington
NV-2016-192323,Rachel Dunn,Las Vegas,Nevada
CA-2014-131768,Willie Oliver,Los Angeles,California
WA-2017-447258,Maria Romero,Seattle,Washington
MA-2015-385729,William Payne,Lowell,Massachusetts
NJ-2017-349286,Jason Black,Troy,New York
MA-2015-197034,Carl Howard,Lowell,Massachusetts
OR-2016-338672,Henry Stanley,Portland,Oregon
OR-2016-426415,Gloria Oliver,Portland,Oregon
OR-2014-7298,Marilyn Graham,Portland,Oregon
NJ-2015-102605,Judith Woods,Troy,New York
CT-2016-414125,Alan Dean,Fairfield,Connecticut
NJ-2015-351112,Albert Dunn,Westfield,New Jersey
NJ-2015-88976,Arthur Simmons,Westfield,New Jersey
MA-2015-293478,Jean Fowler,Lowell,Massachusetts
CT-2015-171946,Carolyn Rivera,Fairfield,Connecticut
MA-2017-285402,Wanda Cole,Lowell,Massachusetts
MA-2017-135034,Dennis Reed,Lowell,Massachusetts
CA-2014-217949,Diane Lewis,Los Angeles,California
WA-2017-279126,Karen Willis,Seattle,Washington
NJ-2015-488891,Russell Day,Westfield,New Jersey
MA-2015-335760,Susan Watkins,Lowell,Massachusetts
WA-2015-5089,Craig Reyes,Seattle,Washington
OR-2015-149844,Teresa Fisher,Portland,Oregon
WA-2015-326637,Pamela Alexander,Seattle,Washington
MA-2017-102993,Dennis Reed,Lowell,Massachusetts
NJ-2016-154004,Raymond Collins,Troy,New York
WA-2014-50853,Harry Hanson,Seattle,Washington
MA-2016-148607,Roger Andrews,Lowell,Massachusetts
OR-2016-478937,Sharon Wagner,Portland,Oregon
NJ-2015-349130,Marie Rivera,Troy,New York
NJ-2017-418862,Louis Marshall,Troy,New York
OR-2016-439861,Sharon Rice,Portland,Oregon
CA-2016-377352,Brenda Nelson,Los Angeles,California
CA-2017-102160,Diane Lewis,Los Angeles,California
NJ-2017-189736,Jessica Lewis,Troy,New York
NJ-2016-36653,Wayne Lawson,Troy,New York
NJ-2014-495023,Jane Sims,Troy,New York
NJ-2015-168081,Theresa Mendoza,Troy,New York
WA-2015-326402,Mary Green,Seattle,Washington
WA-2017-88277,Emily Matthews,Seattle,Washington
NJ-2016-168632,Billy Wood,Westfield,New Jersey
WA-2015-59645,Gary Weaver,Seattle,Washington
NJ-2015-161263,Edward Wells,Westfield,New Jersey
MA-2016-81189,Joseph Bishop,Lowell,Massachusetts
CA-2017-40158,Beverly Jacobs,Los Angeles,California
MA-2015-177445,Steven Miller,Lowell,Massachusetts
MA-2015-253202,Thomas Robinson,Lowell,Massachusetts
WA-2016-210402,Terry Nguyen,Seattle,Washington
OR-2017-33564,Alice Taylor,Portland,Oregon
MA-2016-32203,Kenneth Nelson,Lowell,Massachusetts
NJ-2016-271013,Lawrence Ruiz,Troy,New York
NJ-2017-158191,Johnny Fowler,Westfield,New Jersey
OR-2015-231763,Kathy Lee,Portland,Oregon
MA-2016-298994,Harold Schmidt,Lowell,Massachusetts
MA-2016-164037,Cheryl Williamson,Lowell,Massachusetts
CA-2016-8812,Jimmy Warren,Los Angeles,California
WA-2017-317209,Charles Collins,Seattle,Washington
MA-2015-323028,Joan Cooper,Lowell,Massachusetts
MA-2015-430561,Matthew Berry,Lowell,Massachusetts
NJ-2017-336309,Sharon Perez,Troy,New York
WA-2014-281559,Gloria Morris,Seattle,Washington
CT-2016-409146,Debra Gutierrez,Fairfield,Connecticut
WA-2017-200107,Gary Weaver,Seattle,Washington
NJ-2016-409758,Debra Palmer,Troy,New York
NJ-2016-169399,Todd Miller,Westfield,New Jersey
NJ-2017-73138,Amy Olson,Westfield,New Jersey
NJ-2016-21186,Helen Dean,Troy,New York
CA-2015-395970,Helen Diaz,Los Angeles,California
OR-2014-147627,Marilyn Graham,Portland,Oregon
MA-2015-314607,Lori Shaw,Lowell,Massachusetts
CT-2016-333985,Clarence Mason,Fairfield,Connecticut
NJ-2016-372410,Raymond Collins,Troy,New York
NJ-2016-391140,Phyllis Gonzales,Westfield,New Jersey
NJ-2016-272009,Maria Johnston,Troy,New York
NJ-2016-57557,Rachel Larson,Westfield,New Jersey
MA-2014-29625,Charles Ray,Lowell,Massachusetts
NJ-2015-17290,Kimberly Coleman,Westfield,New Jersey
NJ-2015-245031,Theresa Mendoza,Troy,New York
MA-2017-35205,Ernest Kelley,Lowell,Massachusetts
OR-2014-218226,Martha Harper,Portland,Oregon
MA-2016-416332,Shirley Rivera,Lowell,Massachusetts
OR-2017-21267,Teresa Fisher,Portland,Oregon
NJ-2014-346262,Billy Reed,Troy,New York
CA-2014-84367,Rachel Stanley,Los Angeles,California
NJ-2014-99404,Jerry Pierce,Troy,New York
NJ-2015-277213,Cheryl Riley,Troy,New York
CA-2017-369345,Andrea Washington,Los Angeles,California
WA-2014-26805,Stephen Murray,Seattle,Washington
MA-2014-138715,Joseph Bishop,Lowell,Massachusetts
MA-2015-284546,Justin Dixon,Lowell,Massachusetts
NJ-2015-287071,Kimberly Adams,Troy,New York
CA-2016-242622,Angela Fowler,Los Angeles,California
WA-2014-95275,Jason Berry,Seattle,Washington
MA-2016-27624,Ann Duncan,Lowell,Massachusetts
MA-2016-168081,Joan Cooper,Lowell,Massachusetts
MA-2014-367875,Virginia Foster,Lowell,Massachusetts
NJ-2017-196641,Jacqueline Wheeler,Westfield,New Jersey
CA-2014-245090,Nicholas Schmidt,Los Angeles,California
NJ-2017-203609,Tammy Hart,Westfield,New Jersey
NJ-2015-9268,Christina Oliver,Troy,New York
NJ-2016-192028,Maria Hughes,Westfield,New Jersey
NJ-2016-90401,Maria Johnston,Troy,New York
OR-2017-472681,Wanda Allen,Portland,Oregon
WA-2016-317816,Paula Ross,Seattle,Washington
MA-2017-10982,Carl Ford,Lowell,Massachusetts
NJ-2014-470008,Carlos Greene,Troy,New York
OR-2016-115786,Samuel Garza,Portland,Oregon
OR-2017-166050,Marilyn Franklin,Portland,Oregon
MA-2015-298665,Roger Gomez,Lowell,Massachusetts
OR-2016-470249,Samuel Garza,Portland,Oregon
NJ-2016-444511,Stephen Hicks,Troy,New York
MA-2014-484997,Gregory Thompson,Lowell,Massachusetts
MA-2016-259619,Heather Lawrence,Lowell,Massachusetts
NJ-2016-245474,Mark Alexander,Troy,New York
NJ-2017-12648,Joseph Boyd,Troy,New York
NJ-2014-422751,Victor Watson,Westfield,New Jersey
WA-2017-375612,Henry Sanders,Seattle,Washington
NJ-2015-112606,Joseph Foster,Westfield,New Jersey
NJ-2017-333870,Heather Andrews,Troy,New York
NJ-2016-5958,Alan Allen,Troy,New York
CA-2017-117079,Helen Diaz,Los Angeles,California
NJ-2016-386393,Jerry Pierce,Troy,New York
MA-2017-170264,Kathryn Fox,Lowell,Massachusetts
NJ-2016-78485,Cynthia Mccoy,Westfield,New Jersey
MA-2017-43706,Michael Foster,Lowell,Massachusetts
NJ-2014-309536,Theresa Torres,Westfield,New Jersey
MA-2017-78739,Beverly Hamilton,Lowell,Massachusetts
MA-2017-175321,Bruce Cruz,Lowell,Massachusetts
NJ-2016-108447,Ronald Lopez,Westfield,New Jersey
WA-2016-317368,Pamela Alexander,Seattle,Washington
MA-2016-302207,Janice Mason,Lowell,Massachusetts
CT-2014-115478,Raymond Clark,Fairfield,Connecticut
MA-2016-42086,Phillip Young,Lowell,Massachusetts
WA-2017-194401,Mildred Hernandez,Seattle,Washington
CT-2015-51528,Scott Weaver,Fairfield,Connecticut
NJ-2016-408187,Debra Palmer,Troy,New York
MA-2015-270287,Harold Schmidt,Lowell,Massachusetts
MA-2016-247868,Ernest Kelley,Lowell,Massachusetts
CT-2016-232343,Brandon Morales,Fairfield,Connecticut
NJ-2015-157033,Emily Patterson,Troy,New York
MA-2015-292441,Cheryl Myers,Lowell,Massachusetts
CT-2017-482350,Cheryl Henderson,Fairfield,Connecticut
MA-2016-312288,Bruce Reynolds,Lowell,Massachusetts
CA-2015-343052,Frank Garrett,Los Angeles,California
WA-2016-104735,Judy Sanchez,Seattle,Washington
CA-2015-25279,Mary Rose,Los Angeles,California
CT-2017-126179,Ryan Arnold,Fairfield,Connecticut
WA-2016-75907,Gregory Richardson,Seattle,Washington
NJ-2016-472016,Marilyn Perez,Troy,New York
NJ-2016-291486,Eric Ellis,Westfield,New Jersey
CA-2016-146521,Joshua Baker,Los Angeles,California
NJ-2016-423206,Carl Rice,Troy,New York
OR-2017-412949,Michelle Phillips,Portland,Oregon
NJ-2014-4321,Juan Wallace,Troy,New York
NJ-2017-496074,Benjamin Spencer,Westfield,New Jersey
NJ-2017-37696,Michelle Henderson,Westfield,New Jersey
OR-2017-248868,Sharon Wagner,Portland,Oregon
MA-2014-384609,Diana Pierce,Lowell,Massachusetts
CT-2014-353372,Ryan Arnold,Fairfield,Connecticut
WA-2015-395536,Jason Berry,Seattle,Washington
NJ-2016-186561,Shirley Murray,Troy,New York
OR-2017-172054,Sharon Rice,Portland,Oregon
CT-2016-403803,William Collins,Fairfield,Connecticut
MA-2017-126950,Lillian Burke,Lowell,Massachusetts
CT-2014-450939,Sandra Meyer,Fairfield,Connecticut
WA-2014-48159,Angela Sullivan,Seattle,Washington
MA-2016-142688,Alice Kelly,Lowell,Massachusetts
CA-2017-45861,Kathy Porter,Los Angeles,California
CA-2017-82263,Ann Hall,Los Angeles,California
MA-2017-330107,Ryan Alvarez,Lowell,Massachusetts
WA-2015-224856,Stephen Murray,Seattle,Washington
NJ-2014-221989,Debra Barnes,Westfield,New Jersey
NJ-2014-153976,Benjamin Spencer,Westfield,New Jersey
OR-2016-209706,Gary Moreno,Portland,Oregon
OR-2017-364609,Alice Brown,Portland,Oregon
CA-2014-341733,Harry Torres,Los Angeles,California
CA-2016-13758,Sandra Bowman,Los Angeles,California
NJ-2017-126594,Mark Alexander,Troy,New York
MA-2014-406755,Roy Franklin,Lowell,Massachusetts
CT-2017-297483,Albert Bradley,Fairfield,Connecticut
NJ-2017-490894,Russell Day,Westfield,New Jersey
CA-2017-187401,Michelle Sanchez,Los Angeles,California
CT-2015-199683,Marilyn Perry,Fairfield,Connecticut
WA-2017-346794,Ryan Ramos,Seattle,Washington
NJ-2014-384806,Victor Watson,Westfield,New Jersey
MA-2015-161749,Eugene Flores,Lowell,Massachusetts
NJ-2014-45809,Todd Holmes,Troy,New York
MA-2016-4765,Matthew Berry,Lowell,Massachusetts
NJ-2016-68345,Brian Ryan,Westfield,New Jersey
CA-2017-432573,Frank Garrett,Los Angeles,California
WA-2017-346996,Charles Montgomery,Seattle,Washington
CA-2016-422059,Norma West,Los Angeles,California
NJ-2016-283457,Joseph Foster,Westfield,New Jersey
NJ-2016-144629,Kathy Rice,Westfield,New Jersey
NJ-2014-305223,Juan Reed,Troy,New York
NJ-2016-490604,Katherine Mcdonald,Troy,New York
NJ-2016-306634,Mark Rogers,Troy,New York
NJ-2017-459292,Shirley Murray,Troy,New York
NJ-2016-136329,Debra Allen,Troy,New York
MA-2014-272551,Joan Cooper,Lowell,Massachusetts
NJ-2017-143004,Raymond Freeman,Westfield,New Jersey
NJ-2015-255808,Harold Matthews,Westfield,New Jersey
NJ-2015-298548,Benjamin Spencer,Westfield,New Jersey
MA-2015-149129,Jennifer Reyes,Lowell,Massachusetts
MA-2017-342022,Teresa Walker,Lowell,Massachusetts
NJ-2014-141024,Cynthia Brooks,Troy,New York
NJ-2016-497746,Gerald Phillips,Troy,New York
NJ-2017-223249,Arthur Austin,Troy,New York
NJ-2015-295342,Judith Woods,Troy,New York
CA-2017-486418,Michelle Sanchez,Los Angeles,California
MA-2017-218691,Alice Davis,Lowell,Massachusetts
MA-2017-90467,Randy West,Lowell,Massachusetts
NJ-2015-144472,Marilyn Martin,Troy,New York
WA-2016-432025,Paula Ross,Seattle,Washington
MA-2017-444145,Carl Ford,Lowell,Massachusetts
CT-2014-390727,Jane Watkins,Fairfield,Connecticut
MA-2015-62323,Sandra Weaver,Lowell,Massachusetts
MA-2015-159893,Walter Kennedy,Lowell,Massachusetts
CT-2016-153524,Katherine Carroll,Fairfield,Connecticut
MA-2017-36554,Eugene Flores,Lowell,Massachusetts
OR-2015-182076,Sharon Wagner,Portland,Oregon
CA-2016-327235,Harry Torres,Los Angeles,California
NJ-2014-239699,Joshua Washington,Westfield,New Jersey
WA-2015-465593,Jason Berry,Seattle,Washington
CA-2016-128902,Nicholas Schmidt,Los Angeles,California
NJ-2016-175837,Wayne Lawson,Troy,New York
MA-2016-353846,Bruce Nelson,Lowell,Massachusetts
CA-2014-291634,Nicholas Schmidt,Los Angeles,California
NJ-2015-391784,Joshua Washington,Westfield,New Jersey
WA-2017-473712,Donald Lopez,Seattle,Washington
NJ-2015-122452,Frank Owens,Troy,New York
NJ-2017-315628,Tina Jones,Troy,New York
OR-2015-192786,Marilyn Franklin,Portland,Oregon
OR-2016-365653,Anna Garcia,Portland,Oregon
WA-2017-198485,Sharon Montgomery,Seattle,Washington
CT-2016-476986,Anna Franklin,Fairfield,Connecticut
NJ-2017-219943,Maria Hughes,Westfield,New Jersey
MA-2016-126155,Susan Watkins,Lowell,Massachusetts
NJ-2017-285133,Johnny Fowler,Westfield,New Jersey
OR-2016-342819,Samuel Garza,Portland,Oregon
NV-2014-147280,Donna Williams,Las Vegas,Nevada
NJ-2015-217748,Johnny Fowler,Westfield,New Jersey
MA-2014-463514,Douglas Duncan,Lowell,Massachusetts
CA-2017-470431,Steven Stewart,Los Angeles,California
WA-2017-493033,Cheryl Morris,Seattle,Washington
NJ-2017-359653,Phyllis Johnston,Troy,New York
WA-2014-412576,Jerry Collins,Seattle,Washington
WA-2017-242693,Beverly Garcia,Seattle,Washington
NJ-2016-99466,Brenda Cruz,Troy,New York
NJ-2017-309505,Sharon Perez,Troy,New York
NV-2016-100468,Craig Lewis,Las Vegas,Nevada
NJ-2015-330116,Heather Larson,Westfield,New Jersey
WA-2017-398344,Henry Sanders,Seattle,Washington
NJ-2016-420574,Richard Walker,Troy,New York
CA-2017-399529,Helen Diaz,Los Angeles,California
MA-2017-439346,Theresa Ellis,Lowell,Massachusetts
WA-2017-233914,Jane Ramirez,Seattle,Washington
MA-2017-396591,Roger Gomez,Lowell,Massachusetts
CA-2017-179270,Rachel Stanley,Los Angeles,California
MA-2017-277931,Paul Perkins,Lowell,Massachusetts
WA-2014-152420,Earl Morales,Seattle,Washington
CT-2017-294229,Henry Cox,Fairfield,Connecticut
NJ-2017-160156,Brian Ryan,Westfield,New Jersey
MA-2015-483709,Ryan Alvarez,Lowell,Massachusetts
CT-2016-154712,Henry Cox,Fairfield,Connecticut
NJ-2015-458475,Maria Hughes,Westfield,New Jersey
WA-2015-4090,Kathy Schmidt,Seattle,Washington
CA-2017-122332,Martha Bell,Los Angeles,California
WA-2016-158643,Judy Sanchez,Seattle,Washington
WA-2017-483286,Ernest Hernandez,Seattle,Washington
WA-2016-485355,Susan Gomez,Seattle,Washington
NJ-2017-360446,Joshua Washington,Westfield,New Jersey
NV-2014-440472,Donna Williams,Las Vegas,Nevada
NJ-2014-83608,Stephen Welch,Westfield,New Jersey
NJ-2014-499961,Wayne Lawson,Troy,New York
MA-2015-343075,Andrew Howard,Lowell,Massachusetts
WA-2014-134278,Maria Romero,Seattle,Washington
NV-2017-270283,Sarah Harrison,Las Vegas,Nevada
NJ-2016-280362,Anna Wheeler,Troy,New York
NJ-2014-185209,Judy Carpenter,Westfield,New Jersey
WA-2017-488471,Jason Berry,Seattle,Washington
WA-2015-412270,Louis Frazier,Seattle,Washington
MA-2017-215776,Jason Patterson,Lowell,Massachusetts
NJ-2016-38790,Ronald Lopez,Westfield,New Jersey
WA-2015-393006,Charles Collins,Seattle,Washington
OR-2016-186143,Rose Moreno,Portland,Oregon
CT-2014-124732,Lois Baker,Fairfield,Connecticut
MA-2017-338100,Steven Miller,Lowell,Massachusetts
MA-2017-71661,Phillip Young,Lowell,Massachusetts
CT-2015-464392,Ryan Arnold,Fairfield,Connecticut
NJ-2014-156666,Katherine Hayes,Troy,New York
NJ-2015-416587,Arthur Simmons,Westfield,New Jersey
WA-2015-127248,Charles Collins,Seattle,Washington
MA-2017-463800,Kevin Barnes,Lowell,Massachusetts
NJ-2017-55777,Arthur Austin,Troy,New York
MA-2014-174745,Frances Lane,Lowell,Massachusetts
CA-2014-51720,Anthony White,Los Angeles,California
CA-2016-431027,Deborah Gilbert,Los Angeles,California
OR-2016-486546,Kevin Garza,Portland,Oregon
WA-2016-341033,Lisa Morrison,Seattle,Washington
NJ-2015-29495,Cynthia Mccoy,Westfield,New Jersey
NJ-2016-381474,Cynthia Ray,Troy,New York
MA-2016-132423,Eric Robertson,Lowell,Massachusetts
MA-2015-472480,Louise Green,Lowell,Massachusetts
NJ-2014-131688,Ernest Bishop,Westfield,New Jersey
NV-2015-242328,Sarah Harrison,Las Vegas,Nevada
OR-2017-451152,Marilyn Graham,Portland,Oregon
MA-2017-185428,Antonio Hunter,Lowell,Massachusetts
MA-2017-480412,Carl Howard,Lowell,Massachusetts
WA-2016-26681,Henry Sanders,Seattle,Washington
NJ-2016-76748,Emily Patterson,Troy,New York
WA-2017-206927,Jennifer Adams,Seattle,Washington
NJ-2016-307943,Mark Rogers,Troy,New York
NJ-2014-415768,Albert Dunn,Westfield,New Jersey
NJ-2017-103983,Roy Young,Troy,New York
NJ-2016-418987,Ronald Kim,Troy,New York
OR-2015-277268,Lois Fernandez,Portland,Oregon
MA-2016-214185,Susan Watkins,Lowell,Massachusetts
NJ-2017-330532,Chris Gilbert,Troy,New York
NJ-2015-136491,Denise Perez,Troy,New York
MA-2015-458431,Eugene Schmidt,Lowell,Massachusetts
WA-2015-210417,Terry Nguyen,Seattle,Washington
MA-2017-17257,Walter Meyer,Lowell,Massachusetts
NJ-2016-289149,Annie Wilson,Troy,New York
MA-2014-264001,Nancy Meyer,Lowell,Massachusetts
CT-2016-52879,Annie Collins,Fairfield,Connecticut
MA-2014-138555,Joan Cooper,Lowell,Massachusetts
NJ-2015-490293,Todd Miller,Westfield,New Jersey
MA-2015-105221,Louise Green,Lowell,Massachusetts
NV-2015-35317,Michelle Elliott,Las Vegas,Nevada
MA-2014-61004,Walter Meyer,Lowell,Massachusetts
NJ-2017-217285,Chris George,Westfield,New Jersey
WA-2014-481071,Paula Ross,Seattle,Washington
MA-2017-283712,Jean Fowler,Lowell,Massachusetts
NJ-2017-294523,Stephen Welch,Westfield,New Jersey
NJ-2017-357125,Lisa Thomas,Westfield,New Jersey
MA-2016-288013,Brandon King,Lowell,Massachusetts
MA-2015-15998,Shirley Rivera,Lowell,Massachusetts
MA-2017-97577,Teresa Walker,Lowell,Massachusetts
NJ-2016-384463,Jennifer Simpson,Westfield,New Jersey
MA-2017-229394,Walter Meyer,Lowell,Massachusetts
MA-2015-99615,Frank Murphy,Lowell,Massachusetts
NJ-2015-42699,Louis Marshall,Troy,New York
MA-2016-268858,Douglas Duncan,Lowell,Massachusetts
OR-2014-369401,Kelly Gomez,Portland,Oregon
NJ-2016-227316,Edward Wells,Westfield,New Jersey
OR-2016-60563,Billy Scott,Portland,Oregon
MA-2017-468272,Rose Baker,Lowell,Massachusetts
CA-2017-251696,Brenda Nelson,Los Angeles,California
NJ-2014-12221,Edward Wells,Westfield,New Jersey
NJ-2017-117893,Tammy Hart,Westfield,New Jersey
NJ-2016-67385,Theresa Torres,Westfield,New Jersey
CT-2016-389628,Phyllis Grant,Fairfield,Connecticut
MA-2015-108309,Joe Russell,Lowell,Massachusetts
OR-2015-148376,Clarence Bishop,Portland,Oregon
CT-2014-322149,Albert Bradley,Fairfield,Connecticut
CA-2015-10306,Timothy Gonzales,Los Angeles,California
NJ-2014-441967,Tina Jones,Troy,New York
CT-2016-391876,Ryan Arnold,Fairfield,Connecticut
WA-2015-146892,Arthur Green,Seattle,Washington
CT-2017-191041,Carlos Stephens,Fairfield,Connecticut
MA-2015-257744,Amanda Bryant,Lowell,Massachusetts
MA-2017-92380,Rose Baker,Lowell,Massachusetts
WA-2017-162936,Angela Sullivan,Seattle,Washington
CA-2016-93406,Frank Garrett,Los Angeles,California
OR-2016-253321,Rose Matthews,Portland,Oregon
NJ-2015-304356,Denise Mitchell,Westfield,New Jersey
MA-2015-81592,Thomas Robinson,Lowell,Massachusetts
NJ-2017-326902,Marilyn Martin,Troy,New York
OR-2016-295965,Sharon Rice,Portland,Oregon
WA-2014-375975,Sharon Montgomery,Seattle,Washington
CA-2016-77101,Jimmy Warren,Los Angeles,California
NJ-2017-230679,Phyllis Ward,Troy,New York
NJ-2015-110245,Todd Miller,Westfield,New Jersey
OR-2014-100703,Martha Harper,Portland,Oregon
NJ-2017-161137,Phyllis Gonzales,Westfield,New Jersey
MA-2014-98270,Alice Davis,Lowell,Massachusetts
WA-2016-330796,Russell Cooper,Seattle,Washington
CT-2014-97044,Nicholas Ward,Fairfield,Connecticut
WA-2015-463671,Christine Wallace,Seattle,Washington
OR-2017-168837,Kathy Lee,Portland,Oregon
OR-2017-395001,Joyce Garcia,Portland,Oregon
NJ-2015-31875,Betty Stewart,Troy,New York
NJ-2015-409641,Kimberly Morris,Troy,New York
MA-2014-434842,Bruce Cruz,Lowell,Massachusetts
MA-2014-46645,Eric Robertson,Lowell,Massachusetts
NJ-2015-146318,Johnny Fowler,Westfield,New Jersey
NJ-2016-485888,Edward Wells,Westfield,New Jersey
MA-2014-121646,Jerry Butler,Lowell,Massachusetts
NJ-2017-96213,Todd Miller,Westfield,New Jersey
OR-2016-110747,Linda Wagner,Portland,Oregon
MA-2014-36656,Phillip Johnston,Lowell,Massachusetts
MA-2015-40492,Carl Howard,Lowell,Massachusetts
CT-2016-165887,Annie Collins,Fairfield,Connecticut
NJ-2015-129995,Robert Hayes,Troy,New York
NJ-2017-422091,Peter Brown,Westfield,New Jersey
NJ-2015-473279,Cynthia Ray,Troy,New York
NJ-2014-226400,Nicholas Howell,Troy,New York
NJ-2014-359506,Frances Campbell,Troy,New York
NJ-2014-281131,Louis Mason,Troy,New York
WA-2016-233236,Christine Wallace,Seattle,Washington
MA-2017-390094,Teresa Walker,Lowell,Massachusetts
MA-2016-311629,Sean Carr,Lowell,Massachusetts
OR-2016-453351,Edward Taylor,Portland,Oregon
NJ-2016-393486,Lois Castillo,Troy,New York
NV-2017-288598,Laura Lewis,Las Vegas,Nevada
OR-2016-116729,Lillian Howard,Portland,Oregon
NJ-2016-348503,David Allen,Westfield,New Jersey
WA-2016-44959,Jessica Miller,Seattle,Washington
OR-2014-450447,Brian Bryant,Portland,Oregon
NJ-2017-2806,Peter Gilbert,Troy,New York
MA-2015-21780,Jeremy Richards,Lowell,Massachusetts
NJ-2015-110405,Anna Wheeler,Troy,New York
NJ-2015-467094,Anthony Ruiz,Westfield,New Jersey
OR-2014-297509,Thomas Lane,Portland,Oregon
CT-2016-472925,Raymond Clark,Fairfield,Connecticut
NJ-2016-434120,Adam Russell,Westfield,New Jersey
NV-2016-127688,Rachel Dunn,Las Vegas,Nevada
MA-2015-146692,Harold Schmidt,Lowell,Massachusetts
MA-2014-148081,Roger Gomez,Lowell,Massachusetts
NJ-2017-156209,Rebecca Williams,Westfield,New Jersey
WA-2015-199859,Joseph Dixon,Seattle,Washington
WA-2017-479083,Jean Stephens,Seattle,Washington
NJ-2014-256491,Dorothy Patterson,Troy,New York
MA-2017-25828,Harold Schmidt,Lowell,Massachusetts
NV-2014-139341,Craig Lewis,Las Vegas,Nevada
NJ-2016-341197,Lawrence Ruiz,Troy,New York
NJ-2015-406502,Jimmy Bailey,Troy,New York
CT-2017-452550,Ashley Olson,Fairfield,Connecticut
CA-2017-135388,Robin Murphy,Los Angeles,California
NV-2017-414787,Doris Diaz,Las Vegas,Nevada
MA-2015-14991,George Stone,Lowell,Massachusetts
NJ-2014-114643,Theresa Torres,Westfield,New Jersey
MA-2017-162538,Justin Dixon,Lowell,Massachusetts
MA-2015-488025,Brandon King,Lowell,Massachusetts
MA-2017-301490,Bobby Mitchell,Lowell,Massachusetts
NJ-2014-102850,Evelyn Greene,Troy,New York
NJ-2016-474553,Todd Holmes,Troy,New York
NJ-2017-62539,Joe Ryan,Troy,New York
MA-2017-40369,Sean Carr,Lowell,Massachusetts
CA-2015-231229,Judy Lopez,Los Angeles,California
MA-2016-199153,Carl Ford,Lowell,Massachusetts
NV-2014-40882,Laura Lewis,Las Vegas,Nevada
MA-2017-148607,Eugene Flores,Lowell,Massachusetts
WA-2014-175537,Phillip Mills,Seattle,Washington
CA-2016-75498,Frank Garrett,Los Angeles,California
CA-2017-443933,Joan Robinson,Los Angeles,California
MA-2017-86928,Phillip Johnston,Lowell,Massachusetts
NJ-2017-215524,Katherine Mcdonald,Troy,New York
NJ-2015-155186,Ruby Matthews,Troy,New York
CA-2016-49248,Judy Lopez,Los Angeles,California
MA-2017-261892,Jeremy Richards,Lowell,Massachusetts
NJ-2016-195556,Frank Ramos,Troy,New York
NV-2014-445082,Michelle Elliott,Las Vegas,Nevada
OR-2014-387232,Julie Gonzalez,Portland,Oregon
CA-2014-428825,Evelyn Elliott,Los Angeles,California
NJ-2017-89441,Ronald Lopez,Westfield,New Jersey
NV-2016-118415,Sandra Hughes,Las Vegas,Nevada
NJ-2017-108063,Rachel Larson,Westfield,New Jersey
NJ-2015-256796,Russell Day,Westfield,New Jersey
CA-2017-257726,Jimmy Warren,Los Angeles,California
CT-2014-332744,Henry Cox,Fairfield,Connecticut
CT-2016-148476,Russell Romero,Fairfield,Connecticut
NJ-2016-53056,Edward Cooper,Troy,New York
NJ-2017-342146,Kathy Rice,Westfield,New Jersey
NJ-2017-353844,Jacqueline Wheeler,Westfield,New Jersey
NV-2016-168074,Kimberly Bennett,Las Vegas,Nevada
WA-2015-139480,Arthur James,Seattle,Washington
NJ-2017-151001,Eugene Hayes,Westfield,New Jersey
MA-2016-129419,Harold Rodriguez,Lowell,Massachusetts
NJ-2017-300106,Anthony Berry,Troy,New York
MA-2014-88352,Roger Andrews,Lowell,Massachusetts
CT-2017-38975,Russell Romero,Fairfield,Connecticut
OR-2015-277868,Teresa Fisher,Portland,Oregon
MA-2015-167820,Aaron Morris,Lowell,Massachusetts
NJ-2017-127816,Cheryl Riley,Troy,New York
NJ-2015-430080,Adam Russell,Westfield,New Jersey
CT-2016-157993,Jane Watkins,Fairfield,Connecticut
NJ-2017-333029,Joseph Boyd,Troy,New York
NJ-2017-416103,Sandra Hicks,Troy,New York
OR-2016-154680,Kenneth West,Portland,Oregon
MA-2017-420712,Cheryl Myers,Lowell,Massachusetts
OR-2017-367865,Jean Griffin,Portland,Oregon
NJ-2016-460366,Emily Patterson,Troy,New York
NJ-2017-161200,Peter Gilbert,Troy,New York
MA-2017-101511,Paul Perkins,Lowell,Massachusetts
NJ-2015-89627,Raymond Collins,Troy,New York
NJ-2016-422267,Nancy Scott,Troy,New York
WA-2017-497914,Henry Sanders,Seattle,Washington
NJ-2016-169726,Albert Miller,Troy,New York
MA-2017-98337,Cheryl Williamson,Lowell,Massachusetts
NJ-2017-44782,Lori Collins,Troy,New York
WA-2017-462981,Jerry Collins,Seattle,Washington
OR-2017-146981,Kathy Lee,Portland,Oregon
MA-2017-45105,Matthew Smith,Lowell,Massachusetts
MA-2014-186739,Roger Andrews,Lowell,Massachusetts
CT-2014-470745,Sandra Meyer,Fairfield,Connecticut
NJ-2015-152854,Adam Russell,Westfield,New Jersey
WA-2016-226250,Pamela Alexander,Seattle,Washington
NJ-2015-443810,Randy Burton,Troy,New York
CT-2014-487005,Russell Romero,Fairfield,Connecticut
NJ-2014-11326,Phyllis Ward,Troy,New York
OR-2016-174725,Anna Garcia,Portland,Oregon
OR-2015-168762,Anna Garcia,Portland,Oregon
CT-2017-167595,Jane Watkins,Fairfield,Connecticut
WA-2017-476932,Gloria Morris,Seattle,Washington
NJ-2017-196621,Kenneth Fernandez,Troy,New York
NJ-2014-51935,Ronald Lopez,Westfield,New Jersey
MA-2017-272104,Kevin Barnes,Lowell,Massachusetts
NJ-2017-24887,Keith Berry,Westfield,New Jersey
MA-2017-143028,Susan Watkins,Lowell,Massachusetts
CT-2014-424550,Lois Baker,Fairfield,Connecticut
OR-2017-283215,Julie Gonzalez,Portland,Oregon
MA-2014-137861,Alice Kelly,Lowell,Massachusetts
OR-2015-161327,Kathy Lee,Portland,Oregon
WA-2016-188366,Maria Romero,Seattle,Washington
WA-2015-325055,Jeremy Baker,Seattle,Washington
NJ-2016-101491,Mark Alexander,Troy,New York
WA-2017-442631,Craig Thomas,Seattle,Washington
NJ-2015-150874,Cheryl Riley,Troy,New York
MA-2016-163528,Bruce Reynolds,Lowell,Massachusetts
NJ-2015-354765,Ashley Spencer,Troy,New York
NJ-2016-98682,Wayne Rivera,Troy,New York
CT-2017-432721,Maria Long,Fairfield,Connecticut
NJ-2015-453415,Ralph Gomez,Troy,New York
WA-2015-67647,Sharon Montgomery,Seattle,Washington
CA-2015-131004,Robin Murphy,Los Angeles,California
NJ-2017-333682,Joe Ryan,Troy,New York
MA-2014-168620,Jerry Palmer,Lowell,Massachusetts
NJ-2016-255692,Jerry Pierce,Troy,New York
NV-2015-171353,Paula Watson,Las Vegas,Nevada
NJ-2016-105855,Heather Andrews,Troy,New York
MA-2017-322828,Michael Foster,Lowell,Massachusetts
OR-2014-214603,Lillian Howard,Portland,Oregon
WA-2015-77564,Angela Sullivan,Seattle,Washington
NJ-2016-62323,Jacqueline Wheeler,Westfield,New Jersey
WA-2017-110996,Annie Hughes,Seattle,Washington
NJ-2016-50696,Denise Mitchell,Westfield,New Jersey
MA-2017-105921,Joseph Bishop,Lowell,Massachusetts
WA-2014-27809,Mildred Hernandez,Seattle,Washington
MA-2017-457940,Steven Miller,Lowell,Massachusetts
WA-2015-372736,Gary Cook,Seattle,Washington
WA-2017-497533,Arthur Green,Seattle,Washington
NV-2014-134073,Rachel Dunn,Las Vegas,Nevada
CA-2016-124338,Andrew Adams,Los Angeles,California
OR-2015-425319,Roger Bell,Portland,Oregon
MA-2017-328323,Brandon King,Lowell,Massachusetts
NV-2014-221839,Kimberly Bennett,Las Vegas,Nevada
NJ-2015-483044,Gloria Harper,Troy,New York
MA-2015-404733,Aaron Morris,Lowell,Massachusetts
MA-2016-90897,Todd Spencer,Lowell,Massachusetts
WA-2017-218297,Kathy Schmidt,Seattle,Washington
NJ-2014-494595,Tammy Ferguson,Troy,New York
MA-2014-292841,Sandra Weaver,Lowell,Massachusetts
NJ-2017-39292,Jane Sims,Troy,New York
OR-2014-96531,Gloria Mcdonald,Portland,Oregon
NJ-2014-137619,Marilyn Patterson,Westfield,New Jersey
MA-2015-362344,Phillip Johnston,Lowell,Massachusetts
MA-2015-236770,Cheryl Myers,Lowell,Massachusetts
NV-2016-359721,Michelle Elliott,Las Vegas,Nevada
NJ-2017-357713,Bonnie Shaw,Westfield,New Jersey
MA-2017-64566,Antonio Hunter,Lowell,Massachusetts
MA-2017-158246,Jeremy Richards,Lowell,Massachusetts
WA-2017-168663,Christine Jacobs,Seattle,Washington
OR-2017-111740,Joseph Reynolds,Portland,Oregon
OR-2014-453011,Henry Day,Portland,Oregon
MA-2015-390176,Deborah Wells,Lowell,Massachusetts
WA-2014-132916,Ryan Ramos,Seattle,Washington
CA-2015-165230,Martha Bell,Los Angeles,California
MA-2015-65645,Bobby Mitchell,Lowell,Massachusetts
CA-2015-70622,Harry Torres,Los Angeles,California
NJ-2017-414028,Michelle Henderson,Westfield,New Jersey
MA-2014-142626,Joe Russell,Lowell,Massachusetts
OR-2016-340445,Roger Bell,Portland,Oregon
WA-2016-61894,Joseph Willis,Seattle,Washington
MA-2014-447273,George Stone,Lowell,Massachusetts
MA-2017-311115,Aaron Morris,Lowell,Massachusetts
NJ-2017-221513,Robert Collins,Westfield,New Jersey
CT-2014-414183,Clarence Mason,Fairfield,Connecticut
CA-2015-220031,Joan Robinson,Los Angeles,California
WA-2016-434388,Mildred Hernandez,Seattle,Washington
MA-2016-372186,Amanda Bryant,Lowell,Massachusetts
NJ-2016-229736,Benjamin Spencer,Westfield,New Jersey
NJ-2014-109791,Sean Weaver,Westfield,New Jersey
NJ-2017-372860,Kelly Daniels,Westfield,New Jersey
WA-2016-144197,Ruth Day,Seattle,Washington
CT-2016-420185,Benjamin Phillips,Fairfield,Connecticut
MA-2016-215700,George Stone,Lowell,Massachusetts
WA-2017-166296,Angela Sullivan,Seattle,Washington
WA-2016-498365,Judy Sanchez,Seattle,Washington
CA-2017-406851,Joan Robinson,Los Angeles,California
NJ-2017-358409,Debra Allen,Troy,New York
NJ-2014-466130,Laura Wells,Westfield,New Jersey
CT-2016-80094,Ryan Arnold,Fairfield,Connecticut
NJ-2015-252570,Jerry Pierce,Troy,New York
WA-2016-468047,Phillip Mills,Seattle,Washington
NJ-2016-170206,Harold Hunter,Troy,New York
WA-2017-42717,Marilyn Carpenter,Seattle,Washington
NJ-2016-37549,Irene Wells,Troy,New York
OR-2017-52652,Rose Matthews,Portland,Oregon
MA-2016-98421,Kevin Torres,Lowell,Massachusetts
NJ-2016-487827,Ralph Gomez,Troy,New York
WA-2016-215234,Carol Pierce,Seattle,Washington
WA-2014-150824,Evelyn Lane,Seattle,Washington
WA-2015-126626,Maria Romero,Seattle,Washington
WA-2014-158299,Denise Henry,Seattle,Washington
NJ-2015-373938,Edward Wells,Westfield,New Jersey
MA-2015-259743,Theresa Ellis,Lowell,Massachusetts
CA-2016-269109,Frances Parker,Los Angeles,California
NJ-2014-55510,Chris Gilbert,Troy,New York
CA-2015-377847,Joan Robinson,Los Angeles,California
MA-2014-46678,Beverly Hamilton,Lowell,Massachusetts
NJ-2016-414019,Keith Berry,Westfield,New Jersey
MA-2017-315226,Sandra Weaver,Lowell,Massachusetts
MA-2017-129378,Roger Gomez,Lowell,Massachusetts
OR-2014-331155,Brian Roberts,Portland,Oregon
WA-2017-425749,Daniel Perez,Seattle,Washington
NJ-2015-488384,Katherine Mcdonald,Troy,New York
NJ-2017-39246,Joseph Boyd,Troy,New York
CT-2016-382973,Ryan Arnold,Fairfield,Connecticut
WA-2017-251530,Evelyn Lane,Seattle,Washington
MA-2016-221386,Ann Duncan,Lowell,Massachusetts
MA-2014-214812,Lori Shaw,Lowell,Massachusetts
MA-2017-427940,Kevin Barnes,Lowell,Massachusetts
CT-2017-282424,Cheryl Henderson,Fairfield,Connecticut
NJ-2015-52482,Jacqueline Wheeler,Westfield,New Jersey
NJ-2017-458714,Irene Wells,Troy,New York
OR-2015-423854,Brian Roberts,Portland,Oregon
MA-2016-444167,Bruce Nelson,Lowell,Massachusetts
MA-2017-302503,Alice Davis,Lowell,Massachusetts
CA-2016-316457,Jimmy Warren,Los Angeles,California
WA-2016-197133,Ryan Ramos,Seattle,Washington
NJ-2017-181805,Helen Dean,Troy,New York
NV-2015-166520,Kimberly Bennett,Las Vegas,Nevada
MA-2016-285164,Walter Meyer,Lowell,Massachusetts
NJ-2015-219666,Craig Mcdonald,Troy,New York
OR-2016-129043,Gloria Mcdonald,Portland,Oregon
WA-2017-375328,Kathy Schmidt,Seattle,Washington
WA-2015-191590,Annie Hunter,Seattle,Washington
MA-2015-436988,Jennifer Reyes,Lowell,Massachusetts
CT-2017-122994,Betty Hicks,Fairfield,Connecticut
NJ-2016-414574,Anthony Berry,Troy,New York
MA-2017-121372,Steven Kelly,Lowell,Massachusetts
NJ-2017-195156,Nancy Scott,Troy,New York
MA-2017-51438,Lori Shaw,Lowell,Massachusetts
NJ-2017-375437,Jane Sims,Troy,New York
NJ-2015-403759,Frances Campbell,Troy,New York
MA-2015-438562,Cheryl Williamson,Lowell,Massachusetts
MA-2014-217368,Louise Green,Lowell,Massachusetts
CA-2014-198417,Joan Robinson,Los Angeles,California
NJ-2017-123539,Emily Duncan,Westfield,New Jersey
OR-2016-465754,Lois Fernandez,Portland,Oregon
NJ-2015-323514,Anthony Berry,Troy,New York
MA-2016-146932,Eugene Flores,Lowell,Massachusetts
WA-2017-289394,Earl White,Seattle,Washington
NJ-2017-68617,Phyllis Johnston,Troy,New York
WA-2017-486651,George Hill,Seattle,Washington
MA-2017-418042,Gregory Thompson,Lowell,Massachusetts
MA-2015-140329,Craig Collins,Lowell,Massachusetts
WA-2015-491978,Paula Ross,Seattle,Washington
MA-2017-157907,Mary Nelson,Lowell,Massachusetts
MA-2015-496744,Howard Adams,Lowell,Massachusetts
NJ-2014-284813,Linda Rose,Troy,New York
MA-2016-118945,Gregory Thompson,Lowell,Massachusetts
NV-2017-439159,Laura Mcdonald,Las Vegas,Nevada
MA-2016-94274,Howard Adams,Lowell,Massachusetts
NJ-2015-160794,Marilyn Martin,Troy,New York
NJ-2017-402218,Arthur Simmons,Westfield,New Jersey
WA-2017-66681,Carol Pierce,Seattle,Washington
CA-2017-123617,Andrew Adams,Los Angeles,California
NJ-2015-161958,Louis Marshall,Troy,New York
OR-2017-386995,Clarence Bishop,Portland,Oregon
MA-2015-1268,Sean Carr,Lowell,Massachusetts
NJ-2015-317575,Lawrence Ruiz,Troy,New York
WA-2017-357727,Gloria Morris,Seattle,Washington
WA-2015-424496,George Hill,Seattle,Washington
OR-2016-395775,Roger Bell,Portland,Oregon
MA-2017-187234,Walter Kennedy,Lowell,Massachusetts
NJ-2014-231076,Peter Brown,Westfield,New Jersey
NJ-2017-186871,Raymond Collins,Troy,New York
CA-2014-130287,Jimmy Warren,Los Angeles,California
WA-2014-373697,Ernest Hernandez,Seattle,Washington
WA-2016-480473,Cheryl Morris,Seattle,Washington
NJ-2014-230965,Juan Reed,Troy,New York
NJ-2014-417667,Lawrence Ruiz,Troy,New York
NJ-2016-346461,Robert Hayes,Troy,New York
NJ-2016-344154,Evelyn Greene,Troy,New York
CT-2017-274539,Henry Cox,Fairfield,Connecticut
MA-2015-247795,Mary Nelson,Lowell,Massachusetts
MA-2014-435704,Eugene Schmidt,Lowell,Massachusetts
WA-2017-49158,Ruby Gonzales,Seattle,Washington
NJ-2016-408953,Kimberly Little,Troy,New York
NJ-2014-102295,Louis Marshall,Troy,New York
NV-2017-148970,Michelle Elliott,Las Vegas,Nevada
NJ-2016-264036,Marilyn Patterson,Westfield,New Jersey
CA-2017-346384,Martha Bell,Los Angeles,California
NJ-2016-106883,Gloria Harper,Troy,New York
NJ-2017-474138,Michelle Henderson,Westfield,New Jersey
MA-2014-39224,Todd Spencer,Lowell,Massachusetts
WA-2015-49303,Annie Hughes,Seattle,Washington
NJ-2016-226852,Marilyn Patterson,Westfield,New Jersey
NJ-2017-17043,Ruby Matthews,Troy,New York
NJ-2015-416382,Nancy Stephens,Troy,New York
WA-2015-262237,Joseph Dixon,Seattle,Washington
WA-2016-153052,Harry Hanson,Seattle,Washington
NJ-2015-310427,Daniel Morris,Troy,New York
NJ-2017-254920,Edward Cooper,Troy,New York
MA-2017-214023,Todd Spencer,Lowell,Massachusetts
WA-2017-344798,Beverly Garcia,Seattle,Washington
CA-2016-211321,Evelyn Elliott,Los Angeles,California
NJ-2017-332515,William Hicks,Westfield,New Jersey
WA-2017-443728,Kenneth Gomez,Seattle,Washington
WA-2017-498093,Arthur Green,Seattle,Washington
MA-2014-96049,Phillip Johnston,Lowell,Massachusetts
NJ-2015-156687,Benjamin Willis,Westfield,New Jersey
MA-2014-37918,Kevin Torres,Lowell,Massachusetts
NJ-2016-18693,Joe Ryan,Troy,New York
WA-2015-495774,Ruth Kennedy,Seattle,Washington
NJ-2017-168655,Betty Stewart,Troy,New York
NJ-2016-367809,Randy Willis,Westfield,New Jersey
WA-2017-247795,Charles Montgomery,Seattle,Washington
NJ-2016-128525,Debra Allen,Troy,New York
WA-2017-220227,Annie Hughes,Seattle,Washington
CA-2016-270724,Adam Garza,Los Angeles,California
MA-2017-14160,Carl Ford,Lowell,Massachusetts
NJ-2017-325130,Albert Dunn,Westfield,New Jersey
NJ-2014-157930,Adam Russell,Westfield,New Jersey
MA-2017-36818,Jerry Butler,Lowell,Massachusetts
MA-2015-113306,Robin Matthews,Lowell,Massachusetts
WA-2017-7334,Craig Hicks,Seattle,Washington
MA-2014-39575,Carl Howard,Lowell,Massachusetts
MA-2017-47446,Eric Robertson,Lowell,Massachusetts
NJ-2016-29299,Chris Gilbert,Troy,New York
MA-2015-411321,Robin Matthews,Lowell,Massachusetts
NJ-2016-252018,Lillian Wood,Troy,New York
MA-2015-450364,Walter Kennedy,Lowell,Massachusetts
OR-2016-375512,Gloria Oliver,Portland,Oregon
NJ-2017-430558,Ruby Matthews,Troy,New York
WA-2017-398512,Samuel Daniels,Seattle,Washington
NV-2015-461630,Stephen Rice,Las Vegas,Nevada
NJ-2017-485602,Cheryl Howard,Westfield,New Jersey
CT-2017-106199,Russell Romero,Fairfield,Connecticut
CA-2016-337012,Deborah Gilbert,Los Angeles,California
CA-2016-187033,Diane Lewis,Los Angeles,California
CT-2017-102750,Carlos Stephens,Fairfield,Connecticut
NV-2014-50587,Paula Watson,Las Vegas,Nevada
NJ-2017-34441,Edward Cooper,Troy,New York
CA-2017-217952,Andrew Adams,Los Angeles,California
CT-2017-413879,William Collins,Fairfield,Connecticut
CA-2015-250513,Deborah Gilbert,Los Angeles,California
CT-2015-152057,Clarence Mason,Fairfield,Connecticut
NJ-2014-3744,Johnny Fowler,Westfield,New Jersey
CA-2014-420929,Adam Martin,Los Angeles,California
NJ-2016-312675,Joshua Washington,Westfield,New Jersey
OR-2014-89066,Julie Gonzalez,Portland,Oregon
NJ-2015-51353,Jessica Lewis,Troy,New York
NJ-2016-173045,Karen Gray,Troy,New York
NJ-2017-70040,Joshua Campbell,Troy,New York
WA-2017-202242,Stephen Murray,Seattle,Washington
OR-2016-49851,Kathy Lee,Portland,Oregon
NJ-2014-199640,Betty Stewart,Troy,New York
MA-2015-114621,Martha Brown,Lowell,Massachusetts
CA-2017-138750,Willie Oliver,Los Angeles,California
NJ-2016-271278,Albert Miller,Troy,New York
NJ-2015-96155,Dorothy Baker,Westfield,New Jersey
NJ-2017-257760,Kimberly Coleman,Westfield,New Jersey
MA-2016-444947,Jerry Smith,Lowell,Massachusetts
NJ-2014-189715,Cynthia Mccoy,Westfield,New Jersey
WA-2014-317405,Henry Sanders,Seattle,Washington
WA-2017-136386,Jeremy Baker,Seattle,Washington
NJ-2016-124352,Albert Dunn,Westfield,New Jersey
NJ-2015-163549,Robert Hayes,Troy,New York
NJ-2014-337494,Cheryl Riley,Troy,New York
NJ-2014-207739,Kimberly Coleman,Westfield,New Jersey
OR-2017-392752,Clarence Bishop,Portland,Oregon
WA-2015-410642,Judy Sanchez,Seattle,Washington
OR-2015-43106,Gloria Mcdonald,Portland,Oregon
OR-2015-49366,Gary Moreno,Portland,Oregon
NJ-2016-240050,Kimberly Coleman,Westfield,New Jersey
WA-2014-310640,Joan Austin,Seattle,Washington
CA-2016-396315,Frank Garrett,Los Angeles,California
NJ-2017-59128,Helen Dean,Troy,New York
NJ-2015-113105,Robert Collins,Westfield,New Jersey
NJ-2017-8577,Janice Jackson,Troy,New York
WA-2016-491681,Philip Rodriguez,Seattle,Washington
NJ-2016-288757,Anthony Berry,Troy,New York
CT-2015-326382,Sara Hawkins,Fairfield,Connecticut
NJ-2016-159052,Cynthia Brooks,Troy,New York
OR-2015-340865,Gary Moreno,Portland,Oregon
CT-2015-72620,Raymond Clark,Fairfield,Connecticut
MA-2015-355041,Lillian Burke,Lowell,Massachusetts
MA-2015-78196,Alice Davis,Lowell,Massachusetts
NJ-2017-73560,Helen Dean,Troy,New York
MA-2017-167690,Joan Cooper,Lowell,Massachusetts
WA-2017-310560,Joseph Willis,Seattle,Washington
WA-2017-380919,Craig Reyes,Seattle,Washington
NJ-2017-109778,Juan Reed,Troy,New York
NV-2016-472851,Laura Mcdonald,Las Vegas,Nevada
NJ-2017-183980,Harold Daniels,Troy,New York
MA-2014-237307,Joshua Diaz,Lowell,Massachusetts
WA-2014-223277,Stephen Murray,Seattle,Washington
MA-2015-222552,Eric Robertson,Lowell,Massachusetts
WA-2017-344771,Michelle Allen,Seattle,Washington
CT-2016-220536,Benjamin Phillips,Fairfield,Connecticut
CA-2016-414938,Gerald Mcdonald,Los Angeles,California
NJ-2017-175549,Maria Hughes,Westfield,New Jersey
NJ-2017-195756,Lawrence Ruiz,Troy,New York
MA-2017-24021,Susan Watkins,Lowell,Massachusetts
CT-2016-470585,Clarence Mason,Fairfield,Connecticut
NJ-2014-499594,Gloria Harper,Troy,New York
NJ-2016-381714,Dorothy Baker,Westfield,New Jersey
WA-2014-327569,Shirley Chavez,Seattle,Washington
WA-2016-222946,Jennifer Adams,Seattle,Washington
CT-2014-128435,Irene Franklin,Fairfield,Connecticut
MA-2017-374482,Kevin Torres,Lowell,Massachusetts
CA-2017-318798,Nicholas Nguyen,Los Angeles,California
NJ-2014-119498,Nancy Stephens,Troy,New York
NJ-2017-463610,Cynthia Lewis,Westfield,New Jersey
NJ-2017-386680,Harold Matthews,Westfield,New Jersey
NJ-2015-446335,Ruth Fields,Westfield,New Jersey
OR-2017-199759,Carl Lawson,Portland,Oregon
CA-2015-258271,Benjamin Carpenter,Los Angeles,California
MA-2015-162369,Aaron Morris,Lowell,Massachusetts
NJ-2017-139547,Lillian Wood,Troy,New York
NJ-2015-375821,Irene Wells,Troy,New York
MA-2016-480474,Eugene Schmidt,Lowell,Massachusetts
NJ-2016-449317,Randy Burton,Troy,New York
NJ-2014-384374,Louis Marshall,Troy,New York
MA-2016-307011,Ann Duncan,Lowell,Massachusetts
NJ-2017-62103,Katherine Hayes,Troy,New York
WA-2016-28740,Arthur Green,Seattle,Washington
OR-2015-379766,Martha Harper,Portland,Oregon
CA-2017-448044,Andrew Adams,Los Angeles,California
NJ-2017-239434,Rebecca Williams,Westfield,New Jersey
OR-2016-433498,Marilyn Franklin,Portland,Oregon
MA-2016-16935,Eugene Hughes,Lowell,Massachusetts
OR-2015-461294,Gloria Fisher,Portland,Oregon
NJ-2014-60123,Jacqueline Wheeler,Westfield,New Jersey
CA-2017-423023,Dennis Fields,Los Angeles,California
CT-2017-121493,Debra Gutierrez,Fairfield,Connecticut
WA-2014-133448,Michelle Allen,Seattle,Washington
MA-2017-436003,Walter Kennedy,Lowell,Massachusetts
NJ-2017-445612,Edward Wells,Westfield,New Jersey
OR-2016-194061,Teresa Payne,Portland,Oregon
NJ-2016-245180,Anna Wheeler,Troy,New York
MA-2015-85061,Shirley Rivera,Lowell,Massachusetts
OR-2014-465008,Roger Bell,Portland,Oregon
WA-2017-394716,Denise Henry,Seattle,Washington
WA-2016-144211,Terry Nguyen,Seattle,Washington
CA-2016-297827,Howard Nelson,Los Angeles,California
NJ-2014-329586,Emily Patterson,Troy,New York
MA-2016-423766,Roy Rivera,Lowell,Massachusetts
NJ-2014-303024,Kenneth Lane,Troy,New York
OR-2014-366477,Kenneth West,Portland,Oregon
NJ-2017-346229,Cheryl Howard,Westfield,New Jersey
CA-2017-3273,Sandra Bowman,Los Angeles,California
CA-2015-336998,Timothy Gonzales,Los Angeles,California
OR-2015-225709,Kathy Lee,Portland,Oregon
NJ-2017-187117,Alan Allen,Troy,New York
NJ-2017-272777,Victor Watson,Westfield,New Jersey
MA-2014-118194,Rose Baker,Lowell,Massachusetts
OR-2015-309071,Michelle Phillips,Portland,Oregon
NJ-2014-286999,Tina Jones,Troy,New York
NJ-2017-182560,Todd Miller,Westfield,New Jersey
OR-2014-3848,Ruby Taylor,Portland,Oregon
WA-2017-434896,Earl Morales,Seattle,Washington
NJ-2014-81512,Joseph Foster,Westfield,New Jersey
NJ-2014-362219,Louis Mason,Troy,New York
OR-2016-326981,Joyce Myers,Portland,Oregon
OR-2014-420726,Gloria Fisher,Portland,Oregon
CT-2017-39127,Phyllis Grant,Fairfield,Connecticut
CT-2017-282121,Carlos Stephens,Fairfield,Connecticut
CA-2017-379872,Judy Lopez,Los Angeles,California
NJ-2014-202178,Louis Mason,Troy,New York
WA-2015-129770,Craig Hicks,Seattle,Washington
WA-2015-104491,Christine Jacobs,Seattle,Washington
OR-2017-370069,Rose Matthews,Portland,Oregon
MA-2016-224621,Alice Kelly,Lowell,Massachusetts
NJ-2014-198663,Joe Ryan,Troy,New York
CA-2015-386631,Nicholas Schmidt,Los Angeles,California
WA-2017-36411,Gloria Morris,Seattle,Washington
WA-2014-442843,Terry Nguyen,Seattle,Washington
MA-2015-406828,Andrea King,Lowell,Massachusetts
CT-2015-247117,Raymond Clark,Fairfield,Connecticut
MA-2014-278791,Matthew Berry,Lowell,Massachusetts
NJ-2014-307176,Annie Wilson,Troy,New York
NJ-2014-237335,Bonnie Wagner,Troy,New York
MA-2015-217363,Kathryn Fox,Lowell,Massachusetts
NJ-2016-59225,Mark Alexander,Troy,New York
CA-2016-486551,Joan Robinson,Los Angeles,California
CA-2014-234414,Jacqueline Little,Los Angeles,California
MA-2017-477601,Jerry Smith,Lowell,Massachusetts
MA-2017-83205,Eugene Hughes,Lowell,Massachusetts
NJ-2017-305770,Sharon Rose,Troy,New York
NV-2015-488580,Sandra Hughes,Las Vegas,Nevada
WA-2016-445857,Henry Sanders,Seattle,Washington
OR-2017-426798,Sharon Wagner,Portland,Oregon
NJ-2016-227495,Phyllis Johnston,Troy,New York
CA-2017-170713,Willie Oliver,Los Angeles,California
NJ-2016-355545,Ronald Kim,Troy,New York
WA-2015-127019,Gary Cook,Seattle,Washington
NJ-2015-200067,Janice Jackson,Troy,New York
WA-2017-151800,Kimberly Lee,Seattle,Washington
CT-2017-31004,Clarence Mason,Fairfield,Connecticut
NJ-2017-487221,Judith Wood,Westfield,New Jersey
NJ-2016-460620,Debra Palmer,Troy,New York
MA-2016-365809,Jennifer White,Lowell,Massachusetts
NJ-2016-484105,Harold Daniels,Troy,New York
OR-2015-413274,Janet Stewart,Portland,Oregon
MA-2014-326525,Eugene Schmidt,Lowell,Massachusetts
OR-2014-55302,Kevin Garza,Portland,Oregon
NJ-2014-233190,Bonnie Wagner,Troy,New York
WA-2017-404913,Philip Rodriguez,Seattle,Washington
MA-2016-161852,Andrew Howard,Lowell,Massachusetts
NJ-2015-157174,Cheryl Riley,Troy,New York
NJ-2017-222884,Albert Miller,Troy,New York
OR-2015-287142,Donald Ryan,Portland,Oregon
MA-2015-2697,Virginia Foster,Lowell,Massachusetts
CA-2015-493814,Rebecca Ryan,Los Angeles,California
WA-2015-148320,Jerry Collins,Seattle,Washington
NJ-2015-258717,Kathy Rice,Westfield,New Jersey
NJ-2016-27043,Steven Simpson,Troy,New York
MA-2017-347399,Jennifer White,Lowell,Massachusetts
NJ-2017-491556,Albert Dunn,Westfield,New Jersey
NJ-2014-256439,Jane Sims,Troy,New York
NJ-2016-109390,Robert Collins,Westfield,New Jersey
NJ-2014-148915,Emily Patterson,Troy,New York
MA-2017-329094,Douglas Duncan,Lowell,Massachusetts
CA-2017-318937,Anthony White,Los Angeles,California
MA-2016-298748,Heather Lawrence,Lowell,Massachusetts
MA-2015-203221,Andrea King,Lowell,Massachusetts
OR-2014-392244,Rachel Harris,Portland,Oregon
MA-2017-427772,Douglas Duncan,Lowell,Massachusetts
WA-2017-345541,Arthur Green,Seattle,Washington
MA-2017-327526,Paul Perkins,Lowell,Massachusetts
CT-2016-437065,Cheryl Henderson,Fairfield,Connecticut
NJ-2017-414049,Ruby Evans,Westfield,New Jersey
WA-2017-219852,Susan Gomez,Seattle,Washington
WA-2017-271516,Earl Morales,Seattle,Washington
NJ-2016-395561,Arthur Simmons,Westfield,New Jersey
MA-2016-284110,Jean Torres,Lowell,Massachusetts
WA-2017-215411,Donald Lopez,Seattle,Washington
NJ-2016-388329,Carlos Greene,Troy,New York
MA-2017-393480,Jennifer Reyes,Lowell,Massachusetts
MA-2017-144050,Roy Rivera,Lowell,Massachusetts
NJ-2016-43791,Lois Woods,Westfield,New Jersey
MA-2016-338844,Cheryl Williamson,Lowell,Massachusetts
NJ-2017-124670,Cheryl Riley,Troy,New York
NJ-2017-108234,Ernest Bishop,Westfield,New Jersey
WA-2017-142377,Joseph Willis,Seattle,Washington
NV-2016-450036,Laura Lewis,Las Vegas,Nevada
NJ-2017-42072,Jane Sims,Troy,New York
CT-2014-148040,Annie Collins,Fairfield,Connecticut
MA-2017-437878,Bruce Cruz,Lowell,Massachusetts
MA-2017-147132,Louise Rivera,Lowell,Massachusetts
WA-2017-145776,Kenneth Gomez,Seattle,Washington
NJ-2016-425199,Robert Collins,Westfield,New Jersey
NJ-2016-32777,Laura Wells,Westfield,New Jersey
CA-2016-348869,Nicholas Nguyen,Los Angeles,California
OR-2014-216678,Rachel Harris,Portland,Oregon
NJ-2016-469311,Judith Gray,Westfield,New Jersey
WA-2016-216037,Annie Hughes,Seattle,Washington
WA-2016-271109,Harry Hanson,Seattle,Washington
MA-2017-177842,Brandon King,Lowell,Massachusetts
MA-2017-59067,Eugene Flores,Lowell,Massachusetts
WA-2014-432979,Jane Ramirez,Seattle,Washington
NJ-2017-398105,Cynthia Day,Troy,New York
NJ-2014-230282,Jennifer Black,Troy,New York
NJ-2016-260012,Victor Watson,Westfield,New Jersey
MA-2015-235833,Christopher Pierce,Lowell,Massachusetts
OR-2015-404746,Joyce Myers,Portland,Oregon
CA-2017-297021,Adam Martin,Los Angeles,California
NJ-2016-328149,Heather Andrews,Troy,New York
CA-2016-314887,Andrew Adams,Los Angeles,California
MA-2014-79728,Joe Russell,Lowell,Massachusetts
NV-2017-124681,Craig Lewis,Las Vegas,Nevada
NJ-2017-447223,Maria Hughes,Westfield,New Jersey
MA-2015-229562,Jennifer Reyes,Lowell,Massachusetts
NJ-2014-113929,Randy Willis,Westfield,New Jersey
NJ-2015-45246,Christina Oliver,Troy,New York
NJ-2017-249397,Raymond Freeman,Westfield,New Jersey
NJ-2016-24542,Jessica Lewis,Troy,New York
NJ-2017-330372,Peter Brown,Westfield,New Jersey
NJ-2015-321975,Sean Weaver,Westfield,New Jersey
NJ-2014-57017,Richard Walker,Troy,New York
MA-2014-405846,Jason Patterson,Lowell,Massachusetts
NJ-2017-462759,Jessica Lewis,Troy,New York
CT-2017-96359,Carolyn Rivera,Fairfield,Connecticut
MA-2017-42620,Lori Shaw,Lowell,Massachusetts
NV-2017-364333,Rachel Dunn,Las Vegas,Nevada
CA-2015-341786,Nicholas Schmidt,Los Angeles,California
WA-2016-335055,Jeremy Baker,Seattle,Washington
NV-2017-260619,Craig Lewis,Las Vegas,Nevada
CA-2017-405254,Mary Rose,Los Angeles,California
OR-2016-75800,Teresa Fisher,Portland,Oregon
WA-2017-449866,Annie Hughes,Seattle,Washington
CA-2017-115832,Gerald Mcdonald,Los Angeles,California
NJ-2016-286837,Craig Mcdonald,Troy,New York
NJ-2017-61817,Gloria Harper,Troy,New York
CA-2017-133211,Michelle Sanchez,Los Angeles,California
NJ-2015-265646,Juan Reed,Troy,New York
MA-2017-455639,Harold Rodriguez,Lowell,Massachusetts
NJ-2017-51341,Cynthia Lewis,Westfield,New Jersey
MA-2014-197187,Kathryn Fox,Lowell,Massachusetts
MA-2017-167941,Kenneth Nelson,Lowell,Massachusetts
MA-2017-42441,Craig Collins,Lowell,Massachusetts
MA-2015-60563,Sandra Weaver,Lowell,Massachusetts
CT-2017-364828,Brandon Morales,Fairfield,Connecticut
CT-2017-83501,Sandra Meyer,Fairfield,Connecticut
NJ-2014-349440,Louise Frazier,Troy,New York
NJ-2015-353791,Robert Collins,Westfield,New Jersey
CA-2014-176246,Adam Garza,Los Angeles,California
CT-2014-227403,William Collins,Fairfield,Connecticut
NJ-2016-389080,Martha Bryant,Troy,New York
CT-2016-476711,Janice Ford,Fairfield,Connecticut
NJ-2016-310461,Debra Barnes,Westfield,New Jersey
MA-2017-405284,Phillip Johnston,Lowell,Massachusetts
NJ-2016-350413,Sharon Perez,Troy,New York
NJ-2014-436808,Harold Matthews,Westfield,New Jersey
WA-2014-250238,Mildred Moore,Seattle,Washington
WA-2015-310827,Antonio Coleman,Seattle,Washington
NJ-2017-319207,Tammy Hart,Westfield,New Jersey
CA-2016-277676,Frances Parker,Los Angeles,California
NV-2014-61603,Laura Lewis,Las Vegas,Nevada
CT-2017-227818,Carolyn Rivera,Fairfield,Connecticut
NJ-2014-204098,Carl Rice,Troy,New York
MA-2016-169674,Christopher Pierce,Lowell,Massachusetts
MA-2016-69038,Andrea King,Lowell,Massachusetts
OR-2017-439605,Gary Moreno,Portland,Oregon
NJ-2015-341307,Frank Owens,Troy,New York
OR-2016-160528,Henry Day,Portland,Oregon
MA-2015-398553,George Stone,Lowell,Massachusetts
OR-2017-261327,Carl Lawson,Portland,Oregon
OR-2015-35371,Jean Griffin,Portland,Oregon
OR-2017-375215,Sharon Rice,Portland,Oregon
NJ-2014-285116,Joan Thompson,Troy,New York
WA-2017-17822,Annie Hunter,Seattle,Washington
NJ-2016-343902,Judith Gray,Westfield,New Jersey
NJ-2015-214597,Roger Freeman,Troy,New York
MA-2016-349370,Kevin Torres,Lowell,Massachusetts
NJ-2017-256040,Albert Dunn,Westfield,New Jersey
OR-2015-357102,Wanda Allen,Portland,Oregon
WA-2017-252361,Evelyn Lane,Seattle,Washington
MA-2016-169519,Roy Rivera,Lowell,Massachusetts
CT-2017-23403,William Collins,Fairfield,Connecticut
NJ-2015-310559,Janice Jackson,Troy,New York
MA-2017-162842,Raymond Young,Lowell,Massachusetts
NJ-2014-387606,Joshua Campbell,Troy,New York
NJ-2017-120618,Alan Allen,Troy,New York
MA-2017-189746,Diana Pierce,Lowell,Massachusetts
NJ-2016-301850,Todd Holmes,Troy,New York
CA-2015-170419,Michelle Sanchez,Los Angeles,California
NJ-2017-277883,Judith Gray,Westfield,New Jersey
MA-2016-158195,Bobby Mitchell,Lowell,Massachusetts
NJ-2017-482406,Janet Freeman,Troy,New York
MA-2015-125280,Douglas Duncan,Lowell,Massachusetts
WA-2017-106859,Jennifer Adams,Seattle,Washington
NJ-2017-468781,Jerry Pierce,Troy,New York
NJ-2014-375087,Jimmy Bailey,Troy,New York
NJ-2016-273561,David Allen,Westfield,New Jersey
CT-2015-101579,Henry Cox,Fairfield,Connecticut
MA-2014-368741,Virginia Foster,Lowell,Massachusetts
NJ-2014-184398,Jeffrey Miller,Troy,New York
MA-2017-125867,Jerry Smith,Lowell,Massachusetts
NJ-2017-303734,Albert Miller,Troy,New York
CT-2014-317428,Phyllis Grant,Fairfield,Connecticut
NV-2017-319140,Sarah Harrison,Las Vegas,Nevada
WA-2017-285512,Stephen Murray,Seattle,Washington
MA-2016-455569,William Payne,Lowell,Massachusetts
NJ-2015-443436,Frank Spencer,Westfield,New Jersey
OR-2017-248108,Carl Lawson,Portland,Oregon
NJ-2017-376160,Richard Walker,Troy,New York
CA-2017-299216,Helen Diaz,Los Angeles,California
MA-2016-450389,Bruce Nelson,Lowell,Massachusetts
MA-2017-288462,Jerry Palmer,Lowell,Massachusetts
MA-2016-19438,Phillip Johnston,Lowell,Massachusetts
CT-2017-205238,Anna Franklin,Fairfield,Connecticut
MA-2016-269646,Walter Meyer,Lowell,Massachusetts
CA-2016-210026,Adam Martin,Los Angeles,California
NJ-2015-49585,Harold Hunter,Troy,New York
NV-2017-129549,Sandra Hughes,Las Vegas,Nevada
MA-2017-26970,Sean Carr,Lowell,Massachusetts
WA-2014-136399,Stephanie Wallace,Seattle,Washington
NJ-2014-296454,Billy Reed,Troy,New York
MA-2017-32604,Eugene Hughes,Lowell,Massachusetts
MA-2015-311030,Sean Carr,Lowell,Massachusetts
MA-2014-136493,Martha Brown,Lowell,Massachusetts
NJ-2017-436524,Janice Jackson,Troy,New York
MA-2016-338184,Frances Lane,Lowell,Massachusetts
OR-2017-242769,Jeremy Diaz,Portland,Oregon
NJ-2014-227470,James Wheeler,Westfield,New Jersey
CT-2016-447340,Maria Long,Fairfield,Connecticut
WA-2014-159510,Carol Pierce,Seattle,Washington
OR-2015-150285,Edward Taylor,Portland,Oregon
WA-2017-233229,Michelle Allen,Seattle,Washington
MA-2014-494317,Susan Watkins,Lowell,Massachusetts
MA-2015-239898,Harold Schmidt,Lowell,Massachusetts
WA-2016-37009,Ruby Gonzales,Seattle,Washington
NJ-2014-23388,Jimmy Bailey,Troy,New York
NJ-2014-379632,David Allen,Westfield,New Jersey
CA-2016-14900,Robin Murphy,Los Angeles,California
CT-2016-6566,Scott Weaver,Fairfield,Connecticut
MA-2017-67207,Emily Anderson,Lowell,Massachusetts
NV-2016-262512,Craig Lewis,Las Vegas,Nevada
NJ-2017-464522,Daniel Morris,Troy,New York
NJ-2017-60541,Joseph Boyd,Troy,New York
MA-2017-362259,Alan Romero,Lowell,Massachusetts
NJ-2017-151049,Eugene Wilson,Troy,New York
NJ-2017-162168,Eric Ellis,Westfield,New Jersey
WA-2014-36635,Kenneth Gomez,Seattle,Washington
MA-2017-322072,Eugene Schmidt,Lowell,Massachusetts
MA-2017-3775,Beverly Hamilton,Lowell,Massachusetts
CT-2015-142785,Ashley Olson,Fairfield,Connecticut
CA-2017-471057,Robin Murphy,Los Angeles,California
NJ-2017-144655,Kelly Daniels,Westfield,New Jersey
MA-2014-293108,Gregory Thompson,Lowell,Massachusetts
CA-2016-457952,Adam Martin,Los Angeles,California
WA-2017-336094,Jerry Davis,Seattle,Washington
CA-2015-368934,Kenneth James,Los Angeles,California
NJ-2014-86980,Adam Russell,Westfield,New Jersey
CA-2017-495053,Walter Reed,Los Angeles,California
NJ-2014-237161,Edward Wells,Westfield,New Jersey
CT-2014-201929,Theresa Kennedy,Fairfield,Connecticut
MA-2016-196821,Roger Gomez,Lowell,Massachusetts
NJ-2017-185081,Maria Johnston,Troy,New York
MA-2014-481095,Bobby Mitchell,Lowell,Massachusetts
WA-2016-328752,Lisa Morrison,Seattle,Washington
MA-2017-35632,Walter Kennedy,Lowell,Massachusetts
MA-2014-330887,Joe Russell,Lowell,Massachusetts
MA-2017-326398,Jennifer White,Lowell,Massachusetts
MA-2015-425673,Jacqueline Hart,Lowell,Massachusetts
CA-2014-135634,Rachel Stanley,Los Angeles,California
MA-2014-181372,Albert Cook,Lowell,Massachusetts
NJ-2017-249279,Billy Wood,Westfield,New Jersey
WA-2017-96651,Angela Sullivan,Seattle,Washington
NV-2016-112278,Sarah Harrison,Las Vegas,Nevada
NJ-2016-92759,Wayne Rivera,Troy,New York
NJ-2016-143777,Maria Hughes,Westfield,New Jersey
NJ-2016-225384,Randy Willis,Westfield,New Jersey
NJ-2016-353197,Lori Collins,Troy,New York
MA-2017-176840,Susan Watkins,Lowell,Massachusetts
CA-2017-259761,Joan Robinson,Los Angeles,California
OR-2017-183100,Linda Wagner,Portland,Oregon
MA-2016-413940,Deborah Wells,Lowell,Massachusetts
OR-2016-436939,Anna Garcia,Portland,Oregon
CA-2017-405962,Judy Lopez,Los Angeles,California
OR-2017-287890,Phillip Harrison,Portland,Oregon
CA-2016-368391,Joan Robinson,Los Angeles,California
MA-2015-391041,Wanda Cole,Lowell,Massachusetts
NJ-2016-14114,Phyllis Gonzales,Westfield,New Jersey
OR-2016-364576,Gloria Fisher,Portland,Oregon
NJ-2014-129037,Katherine Mcdonald,Troy,New York
OR-2014-423790,Clarence Bishop,Portland,Oregon
NV-2016-203357,Kimberly Bennett,Las Vegas,Nevada
MA-2014-55295,Jacqueline Hart,Lowell,Massachusetts
NJ-2014-2993,Victor Watson,Westfield,New Jersey
NJ-2014-428992,Jerry Pierce,Troy,New York
NJ-2015-386350,Arthur Austin,Troy,New York
MA-2015-220599,Andrew Howard,Lowell,Massachusetts
CA-2017-457050,Joshua Baker,Los Angeles,California
NJ-2017-323179,Victor Bell,Westfield,New Jersey
OR-2014-84825,Janet Stewart,Portland,Oregon
OR-2014-237503,Sharon Rice,Portland,Oregon
MA-2014-316484,Juan Olson,Lowell,Massachusetts
NJ-2014-47851,Jimmy Bailey,Troy,New York
WA-2017-292227,Gary Cook,Seattle,Washington
OR-2015-271277,Kelly Gomez,Portland,Oregon
CT-2016-17206,Diana Foster,Fairfield,Connecticut
MA-2014-228013,Bruce Cruz,Lowell,Massachusetts
NJ-2014-474788,Janet Freeman,Troy,New York
WA-2017-283187,Charles Collins,Seattle,Washington
NJ-2015-368767,Timothy Lawson,Westfield,New Jersey
NV-2017-123415,Paula Watson,Las Vegas,Nevada
NJ-2014-386142,Brenda Cruz,Troy,New York
CT-2014-249753,Annie Collins,Fairfield,Connecticut
OR-2015-170291,Edward Taylor,Portland,Oregon
WA-2016-240812,Margaret James,Seattle,Washington
NJ-2016-432251,Bonnie Wagner,Troy,New York
OR-2014-483843,Wanda Allen,Portland,Oregon
NJ-2017-109276,Linda Rose,Troy,New York
MA-2017-9029,Carolyn Scott,Lowell,Massachusetts
CA-2015-48469,Ann Hall,Los Angeles,California
NJ-2014-209458,Ruth Burton,Westfield,New Jersey
NJ-2015-412985,Juan Wallace,Troy,New York
NJ-2014-222090,Ernest Bishop,Westfield,New Jersey
MA-2017-297087,Joan Cooper,Lowell,Massachusetts
CA-2017-252040,Diane Lewis,Los Angeles,California
MA-2016-352460,Sean Carr,Lowell,Massachusetts
CA-2015-498612,Judy Lopez,Los Angeles,California
MA-2017-335475,Matthew Berry,Lowell,Massachusetts
WA-2016-173848,Daniel Perez,Seattle,Washington
NJ-2016-43651,Ernest Bishop,Westfield,New Jersey
MA-2014-200219,Dennis Reed,Lowell,Massachusetts
WA-2014-408122,Samuel Daniels,Seattle,Washington
MA-2017-147458,Alice Kelly,Lowell,Massachusetts
WA-2016-491858,Maria Romero,Seattle,Washington
CT-2015-73842,Betty Hicks,Fairfield,Connecticut
MA-2015-3496,Joe Russell,Lowell,Massachusetts
MA-2016-73583,Bruce Reynolds,Lowell,Massachusetts
NJ-2014-138676,Louis Marshall,Troy,New York
MA-2014-147856,Carolyn Scott,Lowell,Massachusetts
MA-2015-202919,Gregory Thompson,Lowell,Massachusetts
NJ-2016-174340,Amy Olson,Westfield,New Jersey
MA-2017-31372,Janice Mason,Lowell,Massachusetts
MA-2015-363085,Juan Olson,Lowell,Massachusetts
CA-2016-113172,Laura Gutierrez,Los Angeles,California
NJ-2017-243319,Sharon Rose,Troy,New York
NJ-2017-69873,Peter Brown,Westfield,New Jersey
MA-2017-280647,Jason Patterson,Lowell,Massachusetts
NJ-2015-58708,Tina Jones,Troy,New York
NJ-2017-483083,Lawrence Ruiz,Troy,New York
CA-2017-188943,Diane Lewis,Los Angeles,California
MA-2014-360825,Thomas Robinson,Lowell,Massachusetts
MA-2014-431351,Juan Olson,Lowell,Massachusetts
NJ-2017-327723,Anne Fisher,Troy,New York
MA-2017-52459,Gregory Thompson,Lowell,Massachusetts
NJ-2014-225537,James Wheeler,Westfield,New Jersey
NJ-2015-431377,Anna Wheeler,Troy,New York
CA-2017-101022,Timothy Gonzales,Los Angeles,California
CT-2015-226326,Clarence Mason,Fairfield,Connecticut
NJ-2014-207194,Kimberly Morris,Troy,New York
MA-2017-473733,Gregory Thompson,Lowell,Massachusetts
CA-2016-446632,Helen Diaz,Los Angeles,California
NJ-2016-262175,Denise Mitchell,Westfield,New Jersey
NV-2015-228686,Craig Lewis,Las Vegas,Nevada
NJ-2015-386567,Karen Gray,Troy,New York
MA-2016-277427,Diana Pierce,Lowell,Massachusetts
CA-2015-429528,Judy Lopez,Los Angeles,California
OR-2017-388049,Gary Moreno,Portland,Oregon
WA-2017-85470,Daniel Perez,Seattle,Washington
NJ-2017-387042,Phyllis Johnston,Troy,New York
OR-2015-410813,Rachel Harris,Portland,Oregon
WA-2017-339390,Evelyn Lane,Seattle,Washington
NJ-2015-315914,Juan Wallace,Troy,New York
NJ-2014-344803,Richard Walker,Troy,New York
OR-2017-238264,Donald Ryan,Portland,Oregon
CA-2016-110898,Judy Lopez,Los Angeles,California
NJ-2015-224776,Cynthia Lewis,Westfield,New Jersey
CA-2016-132867,Deborah Gilbert,Los Angeles,California
NJ-2017-9630,Marilyn Perez,Troy,New York
CT-2016-273543,Anna Franklin,Fairfield,Connecticut
WA-2014-358946,Mildred Hernandez,Seattle,Washington
NJ-2014-338244,Tammy Hart,Westfield,New Jersey
CT-2015-431985,Benjamin Phillips,Fairfield,Connecticut
WA-2015-385830,Paula Ross,Seattle,Washington
CT-2016-463506,Irene Franklin,Fairfield,Connecticut
NJ-2017-321175,Stephen Welch,Westfield,New Jersey
CT-2017-164449,Theresa Kennedy,Fairfield,Connecticut
OR-2015-230251,Teresa Payne,Portland,Oregon
NJ-2016-332264,Peter Gilbert,Troy,New York
NJ-2017-50061,Kenneth Lane,Troy,New York
CA-2015-340064,Adam Garza,Los Angeles,California
NJ-2016-316874,Jennifer Black,Troy,New York
NJ-2015-308955,Frank Spencer,Westfield,New Jersey
WA-2016-426819,Donald Lopez,Seattle,Washington
CT-2017-234457,Ashley Olson,Fairfield,Connecticut
CA-2017-301983,Adam Garza,Los Angeles,California
CA-2016-201889,Helen Diaz,Los Angeles,California
OR-2014-237306,Brian Roberts,Portland,Oregon
WA-2016-270446,Michelle Allen,Seattle,Washington
NJ-2014-108305,Tammy Hart,Westfield,New Jersey
WA-2014-30040,Evelyn Lane,Seattle,Washington
NJ-2016-117415,Marilyn Patterson,Westfield,New Jersey
NJ-2016-1723,Mark Rogers,Troy,New York
NJ-2017-376441,Joe Ryan,Troy,New York
MA-2015-130159,Robin Matthews,Lowell,Massachusetts
NJ-2017-490755,Frank Ramos,Troy,New York
OR-2016-382820,Gary Moreno,Portland,Oregon
NJ-2016-324476,Arthur Simmons,Westfield,New Jersey
NJ-2017-180698,Katherine Hayes,Troy,New York
NJ-2016-70480,Cynthia Brooks,Troy,New York
NV-2014-199576,John Simpson,Las Vegas,Nevada
MA-2017-23127,Jeremy Richards,Lowell,Massachusetts
CA-2016-442628,Andrea Washington,Los Angeles,California
MA-2016-33658,Ryan Alvarez,Lowell,Massachusetts
WA-2015-72625,Joseph Dixon,Seattle,Washington
OR-2015-263145,Samuel Garza,Portland,Oregon
WA-2016-456996,Stephanie Wallace,Seattle,Washington
NJ-2016-92435,Eric Ellis,Westfield,New Jersey
NJ-2016-459843,Harold Daniels,Troy,New York
WA-2017-476324,Jean Stephens,Seattle,Washington
WA-2016-211075,Maria Romero,Seattle,Washington
NJ-2015-489211,Marilyn Patterson,Westfield,New Jersey
NJ-2016-293539,Jeffrey Miller,Troy,New York
CA-2016-324916,Brenda Nelson,Los Angeles,California
CT-2014-441289,Sandra Meyer,Fairfield,Connecticut
NJ-2016-279581,Heather Larson,Westfield,New Jersey
WA-2014-280617,Jennifer Adams,Seattle,Washington
MA-2016-179463,Carl Ford,Lowell,Massachusetts
MA-2017-363880,Jerry Smith,Lowell,Massachusetts
NV-2017-439395,John Simpson,Las Vegas,Nevada
OR-2016-403460,Kevin Garza,Portland,Oregon
OR-2017-227464,Gary Moreno,Portland,Oregon
CA-2014-223461,Nicholas Nguyen,Los Angeles,California
NJ-2017-465379,Craig Mcdonald,Troy,New York
CA-2017-374547,Willie Oliver,Los Angeles,California
NJ-2017-354601,Annie Wilson,Troy,New York
MA-2016-479426,Eugene Hughes,Lowell,Massachusetts
OR-2017-411209,Sharon Rice,Portland,Oregon
NV-2016-454833,Michelle Elliott,Las Vegas,Nevada
NJ-2017-14848,Michelle Henderson,Westfield,New Jersey
MA-2017-65841,Eugene Schmidt,Lowell,Massachusetts
NJ-2017-143659,Chris Gilbert,Troy,New York
MA-2015-301409,Joseph Bishop,Lowell,Massachusetts
NJ-2016-291845,Raymond Freeman,Westfield,New Jersey
NJ-2016-246622,Gloria Harper,Troy,New York
MA-2017-107222,Howard Adams,Lowell,Massachusetts
CT-2015-141583,Irene Franklin,Fairfield,Connecticut
MA-2017-11199,Louise Green,Lowell,Massachusetts
WA-2017-495959,Susan Gomez,Seattle,Washington
OR-2017-420937,Rose Matthews,Portland,Oregon
MA-2017-205908,Lillian Burke,Lowell,Massachusetts
NJ-2014-161705,Mark Parker,Troy,New York
CT-2016-452215,Brandon Morales,Fairfield,Connecticut
MA-2016-302393,Teresa Walker,Lowell,Massachusetts
NJ-2017-81700,Ronald Lopez,Westfield,New Jersey
NJ-2014-487142,Benjamin Willis,Westfield,New Jersey
OR-2017-166981,Teresa Fisher,Portland,Oregon
WA-2014-333100,Joan Austin,Seattle,Washington
NJ-2017-396779,Amy Olson,Westfield,New Jersey
NV-2016-20698,Sandra Hughes,Las Vegas,Nevada
CA-2014-409501,Andrew Adams,Los Angeles,California
OR-2014-206066,Martha Harper,Portland,Oregon
WA-2016-332948,Mildred Hernandez,Seattle,Washington
WA-2015-163850,Jean Stephens,Seattle,Washington
CA-2017-119875,Walter Reed,Los Angeles,California
CT-2016-224116,Marilyn Perry,Fairfield,Connecticut
MA-2017-189760,Phillip Johnston,Lowell,Massachusetts
CA-2016-96643,Brenda Nelson,Los Angeles,California
NJ-2014-296451,Wayne Lawson,Troy,New York
MA-2017-284531,Todd Spencer,Lowell,Massachusetts
WA-2014-120899,Antonio Coleman,Seattle,Washington
WA-2017-449470,Gary Cook,Seattle,Washington
CT-2017-16532,Raymond Clark,Fairfield,Connecticut
NJ-2016-138672,Eric Stanley,Troy,New York
MA-2014-359275,Frances Lane,Lowell,Massachusetts
MA-2014-222838,Todd Spencer,Lowell,Massachusetts
NJ-2015-423081,Teresa Thomas,Troy,New York
OR-2017-446440,Edward Taylor,Portland,Oregon
MA-2017-274314,Amy Carr,Lowell,Massachusetts
CA-2017-233047,Laura Gutierrez,Los Angeles,California
NJ-2017-289746,Lillian Wood,Troy,New York
CA-2015-258792,Harry Torres,Los Angeles,California
NJ-2016-263310,Albert Dunn,Westfield,New Jersey
NJ-2016-173319,Christina Little,Troy,New York
CA-2017-77581,Laura Gutierrez,Los Angeles,California
WA-2014-322024,Gary Cook,Seattle,Washington
MA-2016-407642,Shirley Rivera,Lowell,Massachusetts
MA-2017-172341,Ryan Alvarez,Lowell,Massachusetts
OR-2015-330171,Kevin Garza,Portland,Oregon
NJ-2015-299099,Louise Frazier,Troy,New York
WA-2016-8454,Earl Morales,Seattle,Washington
NJ-2016-191902,Gerald Phillips,Troy,New York
CT-2017-397024,Lois Baker,Fairfield,Connecticut
WA-2015-172399,Jerry Collins,Seattle,Washington
WA-2016-414484,Jane Ramirez,Seattle,Washington
CA-2015-223051,Ann Hall,Los Angeles,California
MA-2014-258302,Christopher Pierce,Lowell,Massachusetts
NJ-2017-167129,Anthony Berry,Troy,New York
NJ-2017-110341,Antonio Mason,Troy,New York
NJ-2016-402601,Ernest Bishop,Westfield,New Jersey
NJ-2015-461038,Emily Duncan,Westfield,New Jersey
NJ-2017-256048,Denise Perez,Troy,New York
NJ-2014-22733,Harold Hunter,Troy,New York
OR-2017-484081,Lillian Howard,Portland,Oregon
NJ-2017-61200,Randy Burton,Troy,New York
NV-2014-375133,Laura Mcdonald,Las Vegas,Nevada
NJ-2017-202978,Kimberly Adams,Troy,New York
NJ-2016-489292,Judy Carpenter,Westfield,New Jersey
CT-2016-259282,Brandon Morales,Fairfield,Connecticut
MA-2016-130844,Eugene Flores,Lowell,Massachusetts
NJ-2017-60931,Wayne Rivera,Troy,New York
NJ-2014-261034,Billy Reed,Troy,New York
OR-2017-273516,Samuel Garza,Portland,Oregon
CT-2016-348126,Lois Baker,Fairfield,Connecticut
MA-2016-409898,Kathryn Fox,Lowell,Massachusetts
WA-2015-136973,Joseph Dixon,Seattle,Washington
CA-2017-175111,Adam Martin,Los Angeles,California
NJ-2016-285970,Martha Bryant,Troy,New York
NJ-2016-156862,Maria Hughes,Westfield,New Jersey
MA-2016-13891,Carl Ford,Lowell,Massachusetts
MA-2014-325947,Paul Perkins,Lowell,Massachusetts
OR-2016-348537,Phillip Harrison,Portland,Oregon
NJ-2017-308564,Anthony Ruiz,Westfield,New Jersey
MA-2016-401624,Carolyn Vasquez,Lowell,Massachusetts
WA-2016-57254,Kimberly Lee,Seattle,Washington
WA-2015-326730,Annie Hunter,Seattle,Washington
OR-2017-250402,Joyce Garcia,Portland,Oregon
NJ-2016-348100,Joshua Campbell,Troy,New York
CT-2017-149419,William Collins,Fairfield,Connecticut
NJ-2016-136701,Joseph Ryan,Troy,New York
NJ-2015-85758,Mark Parker,Troy,New York
OR-2014-157658,Sharon Wagner,Portland,Oregon
MA-2016-275954,Jeremy Richards,Lowell,Massachusetts
OR-2016-490670,Lois Fernandez,Portland,Oregon
NJ-2014-273750,Christina Oliver,Troy,New York
OR-2014-357666,Edward Taylor,Portland,Oregon
NJ-2015-387309,Roy Collins,Troy,New York
NJ-2017-112548,Betty Stewart,Troy,New York
NJ-2017-66190,Ruby Matthews,Troy,New York
NJ-2014-128099,Louise Frazier,Troy,New York
MA-2015-9051,Lillian Burke,Lowell,Massachusetts
NJ-2017-452477,Evelyn Greene,Troy,New York
WA-2017-265862,Aaron Boyd,Seattle,Washington
OR-2017-210215,Jeremy Diaz,Portland,Oregon
WA-2016-291555,Pamela Alexander,Seattle,Washington
CT-2016-381012,Raymond Clark,Fairfield,Connecticut
WA-2016-173193,Gregory Richardson,Seattle,Washington
CT-2014-26637,Ashley Olson,Fairfield,Connecticut
NJ-2015-178363,Annie Wilson,Troy,New York
WA-2015-162486,Denise Henry,Seattle,Washington
NJ-2014-129135,Sharon Rose,Troy,New York
NJ-2017-494972,Roy Collins,Troy,New York
NJ-2017-169781,Johnny Fowler,Westfield,New Jersey
NJ-2016-334355,Victor Bell,Westfield,New Jersey
NV-2015-450497,Stephen Rice,Las Vegas,Nevada
NJ-2017-292525,Ruth Fields,Westfield,New Jersey
OR-2015-130379,Alan Cole,Portland,Oregon
NJ-2016-480740,Daniel Morris,Troy,New York
NJ-2015-328557,Mark Alexander,Troy,New York
WA-2017-475282,Karen Willis,Seattle,Washington
OR-2015-331414,Wanda Allen,Portland,Oregon
CA-2014-145898,Andrea Washington,Los Angeles,California
OR-2017-38744,Julie Gonzalez,Portland,Oregon
CA-2015-219709,Frank Garrett,Los Angeles,California
NJ-2014-433424,Wayne Lawson,Troy,New York
WA-2014-418013,Ruth Kennedy,Seattle,Washington
CA-2014-193363,Edward Foster,Los Angeles,California
CT-2014-143006,Scott Weaver,Fairfield,Connecticut
WA-2014-124023,Jason Berry,Seattle,Washington
MA-2017-433706,Louise Rivera,Lowell,Massachusetts
NJ-2017-369677,Christina Little,Troy,New York
CA-2015-340956,Kenneth James,Los Angeles,California
CA-2015-93677,Kenneth James,Los Angeles,California
WA-2017-25976,Christine Wallace,Seattle,Washington
MA-2017-238448,Alan Romero,Lowell,Massachusetts
NJ-2017-432697,Albert Miller,Troy,New York
NJ-2014-492834,Edward Cooper,Troy,New York
WA-2017-328042,Craig Reyes,Seattle,Washington
MA-2014-461691,Jerry Smith,Lowell,Massachusetts
WA-2017-158883,Jean Stephens,Seattle,Washington
NJ-2015-463866,Frank Owens,Troy,New York
OR-2014-331560,Donald Ryan,Portland,Oregon
MA-2017-447409,Eugene Schmidt,Lowell,Massachusetts
CT-2015-88338,Katherine Carroll,Fairfield,Connecticut
WA-2016-450440,Earl White,Seattle,Washington
MA-2016-401046,Randy West,Lowell,Massachusetts
NJ-2014-73077,Emily Patterson,Troy,New York
NJ-2015-145734,Lisa Thomas,Westfield,New Jersey
NJ-2014-319516,Eugene Wilson,Troy,New York
NV-2017-98131,Doris Diaz,Las Vegas,Nevada
CT-2016-34586,Ashley Olson,Fairfield,Connecticut
OR-2014-287097,Kathy Lee,Portland,Oregon
NJ-2016-134178,Joseph Foster,Westfield,New Jersey
WA-2016-142103,Gregory Richardson,Seattle,Washington
NJ-2014-497962,Roy Collins,Troy,New York
WA-2017-28275,Jerry Collins,Seattle,Washington
CA-2017-98571,Rachel Stanley,Los Angeles,California
OR-2017-347154,Anna Garcia,Portland,Oregon
NV-2017-8698,Stephen Rice,Las Vegas,Nevada
NJ-2015-135002,Ashley Adams,Westfield,New Jersey
MA-2015-94181,Jerry Butler,Lowell,Massachusetts
MA-2015-497395,Carl Ford,Lowell,Massachusetts
WA-2015-283190,Russell Cooper,Seattle,Washington
NJ-2017-354659,Steven Simpson,Troy,New York
CA-2017-266895,Benjamin Carpenter,Los Angeles,California
NJ-2017-27480,Jane Sims,Troy,New York
NJ-2015-131728,Denise Mitchell,Westfield,New Jersey
NJ-2016-321138,Lisa Thomas,Westfield,New Jersey
NJ-2017-324826,Martha Mills,Westfield,New Jersey
CA-2014-316035,Tina Schmidt,Los Angeles,California
NJ-2016-318428,Irene Wells,Troy,New York
WA-2016-339178,Jerry Davis,Seattle,Washington
WA-2017-301692,Earl White,Seattle,Washington
NJ-2015-81464,Kenneth Lane,Troy,New York
NJ-2016-69649,Maria Johnston,Troy,New York
CA-2017-384258,Frank Garrett,Los Angeles,California
NJ-2017-6006,Cynthia Lewis,Westfield,New Jersey
WA-2016-396439,Evelyn Lane,Seattle,Washington
OR-2016-103177,Julie Gonzalez,Portland,Oregon
OR-2017-156720,Henry Stanley,Portland,Oregon
WA-2016-332578,Mary Green,Seattle,Washington
WA-2014-277078,Earl White,Seattle,Washington
WA-2016-334171,Emily Matthews,Seattle,Washington
MA-2017-33498,Lillian Burke,Lowell,Massachusetts
NJ-2014-118050,Kimberly Little,Troy,New York
WA-2016-362572,Henry Sanders,Seattle,Washington
OR-2016-212848,Marilyn Graham,Portland,Oregon
CA-2015-479555,Brenda Nelson,Los Angeles,California
NJ-2017-129517,Lisa Thomas,Westfield,New Jersey
MA-2016-380601,Aaron Morris,Lowell,Massachusetts
NJ-2014-468555,Edward Wells,Westfield,New Jersey
NJ-2016-14003,Brian Ryan,Westfield,New Jersey
MA-2016-33076,Eugene Schmidt,Lowell,Massachusetts
NJ-2015-68294,Marie Rivera,Troy,New York
NJ-2014-98918,Phyllis Gonzales,Westfield,New Jersey
NJ-2015-245191,Debra Barnes,Westfield,New Jersey
NJ-2016-180592,Alan Allen,Troy,New York
MA-2016-431879,Matthew Carter,Lowell,Massachusetts
NJ-2017-213894,Roy Collins,Troy,New York
MA-2014-313927,Amy Carr,Lowell,Massachusetts
MA-2017-195160,Craig Collins,Lowell,Massachusetts
WA-2016-315098,Samuel Daniels,Seattle,Washington
NJ-2016-343690,Marie Rivera,Troy,New York
MA-2017-24275,Amy Carr,Lowell,Massachusetts
CA-2016-433265,Diane Lewis,Los Angeles,California
MA-2014-121786,Deborah Wells,Lowell,Massachusetts
NJ-2014-137273,Laura Wells,Westfield,New Jersey
MA-2015-228841,Martha Brown,Lowell,Massachusetts
NJ-2015-204323,Gloria Harper,Troy,New York
NJ-2015-450011,Donna Bryant,Westfield,New Jersey
CA-2014-286630,Michelle Sanchez,Los Angeles,California
NJ-2016-96922,Kenneth Lane,Troy,New York
NJ-2015-436391,Nicholas Howell,Troy,New York
NJ-2015-331524,Heather Larson,Westfield,New Jersey
NJ-2017-421478,Ernest Bishop,Westfield,New Jersey
CT-2017-343004,Scott Weaver,Fairfield,Connecticut
WA-2015-156465,Daniel Perez,Seattle,Washington
NJ-2015-291919,Judith Woods,Troy,New York
NJ-2014-473806,Cynthia Ray,Troy,New York
NV-2017-139194,Sandra Hughes,Las Vegas,Nevada
OR-2017-265524,Jean Griffin,Portland,Oregon
MA-2017-61065,Alice Davis,Lowell,Massachusetts
NJ-2016-491360,Joseph Foster,Westfield,New Jersey
NJ-2016-457403,Martha Bryant,Troy,New York
CA-2015-242613,Harold Duncan,Los Angeles,California
OR-2014-443372,Kevin Garza,Portland,Oregon
MA-2015-302053,Walter Kennedy,Lowell,Massachusetts
NJ-2015-406754,Shirley Morrison,Troy,New York
CA-2017-214601,Rachel Stanley,Los Angeles,California
OR-2015-206233,Teresa Fisher,Portland,Oregon